session_id,actor_type,bot_type,event_type,x,y,timestamp
6e21434f-90fe-4fbf-b5c7-a8619f1ae73f,human,none,page_screen_change,,,1774696943818
6e21434f-90fe-4fbf-b5c7-a8619f1ae73f,human,none,mousemove,456,618,1774696943942
6e21434f-90fe-4fbf-b5c7-a8619f1ae73f,human,none,mousemove,497,580,1774696944155
6e21434f-90fe-4fbf-b5c7-a8619f1ae73f,human,none,mousemove,545,516,1774696944371
6e21434f-90fe-4fbf-b5c7-a8619f1ae73f,human,none,mousemove,547,510,1774696944765
6e21434f-90fe-4fbf-b5c7-a8619f1ae73f,human,none,mousemove,866,253,1774696944971
6e21434f-90fe-4fbf-b5c7-a8619f1ae73f,human,none,mousemove,1007,1,1774696945316
6e21434f-90fe-4fbf-b5c7-a8619f1ae73f,human,none,mousemove,968,47,1774696945521
6e21434f-90fe-4fbf-b5c7-a8619f1ae73f,human,none,mousemove,1003,42,1774696945853
6e21434f-90fe-4fbf-b5c7-a8619f1ae73f,human,none,click,1003,42,1774696946004
6e21434f-90fe-4fbf-b5c7-a8619f1ae73f,human,none,focus_change,,,1774696946062
cccdf178-e77b-4c6b-a237-3fbb798d69c1,bot,fast,page_screen_change,,,1774697098140
cccdf178-e77b-4c6b-a237-3fbb798d69c1,bot,fast,focus_change,,,1774697098981
cccdf178-e77b-4c6b-a237-3fbb798d69c1,bot,fast,page_screen_change,,,1774697099019
cccdf178-e77b-4c6b-a237-3fbb798d69c1,bot,fast,keydown,,,1774697099632
cccdf178-e77b-4c6b-a237-3fbb798d69c1,bot,fast,keydown,,,1774697099636
cccdf178-e77b-4c6b-a237-3fbb798d69c1,bot,fast,keydown,,,1774697099638
cccdf178-e77b-4c6b-a237-3fbb798d69c1,bot,fast,keydown,,,1774697099639
cccdf178-e77b-4c6b-a237-3fbb798d69c1,bot,fast,keydown,,,1774697099640
cccdf178-e77b-4c6b-a237-3fbb798d69c1,bot,fast,keydown,,,1774697099642
cccdf178-e77b-4c6b-a237-3fbb798d69c1,bot,fast,keydown,,,1774697099645
cccdf178-e77b-4c6b-a237-3fbb798d69c1,bot,fast,keydown,,,1774697099647
cccdf178-e77b-4c6b-a237-3fbb798d69c1,bot,fast,keydown,,,1774697099648
cccdf178-e77b-4c6b-a237-3fbb798d69c1,bot,fast,keydown,,,1774697099650
cccdf178-e77b-4c6b-a237-3fbb798d69c1,bot,fast,keydown,,,1774697099651
cccdf178-e77b-4c6b-a237-3fbb798d69c1,bot,fast,keydown,,,1774697099652
cccdf178-e77b-4c6b-a237-3fbb798d69c1,bot,fast,keydown,,,1774697099654
cccdf178-e77b-4c6b-a237-3fbb798d69c1,bot,fast,keydown,,,1774697099657
cccdf178-e77b-4c6b-a237-3fbb798d69c1,bot,fast,keydown,,,1774697099659
cccdf178-e77b-4c6b-a237-3fbb798d69c1,bot,fast,keydown,,,1774697099661
cccdf178-e77b-4c6b-a237-3fbb798d69c1,bot,fast,keydown,,,1774697099663
cccdf178-e77b-4c6b-a237-3fbb798d69c1,bot,fast,keydown,,,1774697099664
cccdf178-e77b-4c6b-a237-3fbb798d69c1,bot,fast,keydown,,,1774697099666
cccdf178-e77b-4c6b-a237-3fbb798d69c1,bot,fast,keydown,,,1774697099667
cccdf178-e77b-4c6b-a237-3fbb798d69c1,bot,fast,scroll,46.400001525878906,,1774697099899
cccdf178-e77b-4c6b-a237-3fbb798d69c1,bot,fast,keydown,,,1774697099906
cccdf178-e77b-4c6b-a237-3fbb798d69c1,bot,fast,keydown,,,1774697099908
cccdf178-e77b-4c6b-a237-3fbb798d69c1,bot,fast,keydown,,,1774697099910
cccdf178-e77b-4c6b-a237-3fbb798d69c1,bot,fast,keydown,,,1774697099911
cccdf178-e77b-4c6b-a237-3fbb798d69c1,bot,fast,keydown,,,1774697099913
cccdf178-e77b-4c6b-a237-3fbb798d69c1,bot,fast,keydown,,,1774697099914
cccdf178-e77b-4c6b-a237-3fbb798d69c1,bot,fast,keydown,,,1774697099916
cccdf178-e77b-4c6b-a237-3fbb798d69c1,bot,fast,keydown,,,1774697099917
cccdf178-e77b-4c6b-a237-3fbb798d69c1,bot,fast,keydown,,,1774697099918
cccdf178-e77b-4c6b-a237-3fbb798d69c1,bot,fast,keydown,,,1774697099919
cccdf178-e77b-4c6b-a237-3fbb798d69c1,bot,fast,keydown,,,1774697099920
cccdf178-e77b-4c6b-a237-3fbb798d69c1,bot,fast,scroll,78.4000015258789,,1774697099980
cccdf178-e77b-4c6b-a237-3fbb798d69c1,bot,fast,mousemove,59,644,1774697100045
cccdf178-e77b-4c6b-a237-3fbb798d69c1,bot,fast,click,59,644,1774697100047
cccdf178-e77b-4c6b-a237-3fbb798d69c1,bot,fast,scroll,145.60000610351562,,1774697100122
cccdf178-e77b-4c6b-a237-3fbb798d69c1,bot,fast,click,264,626,1774697100182
cccdf178-e77b-4c6b-a237-3fbb798d69c1,bot,fast,page_screen_change,,,1774697100182
cccdf178-e77b-4c6b-a237-3fbb798d69c1,bot,fast,focus_change,,,1774697100246
cccdf178-e77b-4c6b-a237-3fbb798d69c1,bot,fast,page_screen_change,,,1774697100278
cccdf178-e77b-4c6b-a237-3fbb798d69c1,bot,fast,keydown,,,1774697100907
cccdf178-e77b-4c6b-a237-3fbb798d69c1,bot,fast,keydown,,,1774697100909
cccdf178-e77b-4c6b-a237-3fbb798d69c1,bot,fast,keydown,,,1774697100912
cccdf178-e77b-4c6b-a237-3fbb798d69c1,bot,fast,keydown,,,1774697100914
cccdf178-e77b-4c6b-a237-3fbb798d69c1,bot,fast,keydown,,,1774697100917
cccdf178-e77b-4c6b-a237-3fbb798d69c1,bot,fast,keydown,,,1774697100921
cccdf178-e77b-4c6b-a237-3fbb798d69c1,bot,fast,keydown,,,1774697100924
cccdf178-e77b-4c6b-a237-3fbb798d69c1,bot,fast,keydown,,,1774697100927
cccdf178-e77b-4c6b-a237-3fbb798d69c1,bot,fast,keydown,,,1774697100929
cccdf178-e77b-4c6b-a237-3fbb798d69c1,bot,fast,keydown,,,1774697100933
cccdf178-e77b-4c6b-a237-3fbb798d69c1,bot,fast,keydown,,,1774697100935
cccdf178-e77b-4c6b-a237-3fbb798d69c1,bot,fast,keydown,,,1774697100937
cccdf178-e77b-4c6b-a237-3fbb798d69c1,bot,fast,keydown,,,1774697100939
cccdf178-e77b-4c6b-a237-3fbb798d69c1,bot,fast,keydown,,,1774697100941
cccdf178-e77b-4c6b-a237-3fbb798d69c1,bot,fast,keydown,,,1774697100943
cccdf178-e77b-4c6b-a237-3fbb798d69c1,bot,fast,keydown,,,1774697100945
cccdf178-e77b-4c6b-a237-3fbb798d69c1,bot,fast,keydown,,,1774697100947
cccdf178-e77b-4c6b-a237-3fbb798d69c1,bot,fast,keydown,,,1774697100949
cccdf178-e77b-4c6b-a237-3fbb798d69c1,bot,fast,keydown,,,1774697100951
cccdf178-e77b-4c6b-a237-3fbb798d69c1,bot,fast,keydown,,,1774697100953
cccdf178-e77b-4c6b-a237-3fbb798d69c1,bot,fast,keydown,,,1774697100955
cccdf178-e77b-4c6b-a237-3fbb798d69c1,bot,fast,mousemove,264,644,1774697101140
cccdf178-e77b-4c6b-a237-3fbb798d69c1,bot,fast,click,264,644,1774697101142
cccdf178-e77b-4c6b-a237-3fbb798d69c1,bot,fast,scroll,121.5999984741211,,1774697101217
cccdf178-e77b-4c6b-a237-3fbb798d69c1,bot,fast,click,264,608,1774697101328
cccdf178-e77b-4c6b-a237-3fbb798d69c1,bot,fast,scroll,271.20001220703125,,1774697101330
cccdf178-e77b-4c6b-a237-3fbb798d69c1,bot,fast,mousemove,264,556,1774697101489
cccdf178-e77b-4c6b-a237-3fbb798d69c1,bot,fast,click,264,556,1774697101490
cccdf178-e77b-4c6b-a237-3fbb798d69c1,bot,fast,focus_change,,,1774697101543
cccdf178-e77b-4c6b-a237-3fbb798d69c1,bot,fast,page_screen_change,,,1774697101572
cccdf178-e77b-4c6b-a237-3fbb798d69c1,bot,fast,mousemove,90,643,1774697102193
cccdf178-e77b-4c6b-a237-3fbb798d69c1,bot,fast,click,90,643,1774697102194
cccdf178-e77b-4c6b-a237-3fbb798d69c1,bot,fast,scroll,298.3999938964844,,1774697102208
cccdf178-e77b-4c6b-a237-3fbb798d69c1,bot,fast,click,436,358,1774697102328
cccdf178-e77b-4c6b-a237-3fbb798d69c1,bot,fast,mousemove,787,372,1774697102444
cccdf178-e77b-4c6b-a237-3fbb798d69c1,bot,fast,click,787,372,1774697102446
cccdf178-e77b-4c6b-a237-3fbb798d69c1,bot,fast,focus_change,,,1774697102515
cccdf178-e77b-4c6b-a237-3fbb798d69c1,bot,fast,page_screen_change,,,1774697102551
cccdf178-e77b-4c6b-a237-3fbb798d69c1,bot,fast,keydown,,,1774697103144
cccdf178-e77b-4c6b-a237-3fbb798d69c1,bot,fast,keydown,,,1774697103145
cccdf178-e77b-4c6b-a237-3fbb798d69c1,bot,fast,keydown,,,1774697103148
cccdf178-e77b-4c6b-a237-3fbb798d69c1,bot,fast,keydown,,,1774697103149
cccdf178-e77b-4c6b-a237-3fbb798d69c1,bot,fast,keydown,,,1774697103150
cccdf178-e77b-4c6b-a237-3fbb798d69c1,bot,fast,keydown,,,1774697103151
cccdf178-e77b-4c6b-a237-3fbb798d69c1,bot,fast,keydown,,,1774697103154
cccdf178-e77b-4c6b-a237-3fbb798d69c1,bot,fast,keydown,,,1774697103155
cccdf178-e77b-4c6b-a237-3fbb798d69c1,bot,fast,keydown,,,1774697103159
cccdf178-e77b-4c6b-a237-3fbb798d69c1,bot,fast,keydown,,,1774697103157
cccdf178-e77b-4c6b-a237-3fbb798d69c1,bot,fast,scroll,389.6000061035156,,1774697103251
cccdf178-e77b-4c6b-a237-3fbb798d69c1,bot,fast,keydown,,,1774697103275
cccdf178-e77b-4c6b-a237-3fbb798d69c1,bot,fast,keydown,,,1774697103276
cccdf178-e77b-4c6b-a237-3fbb798d69c1,bot,fast,keydown,,,1774697103279
cccdf178-e77b-4c6b-a237-3fbb798d69c1,bot,fast,keydown,,,1774697103282
cccdf178-e77b-4c6b-a237-3fbb798d69c1,bot,fast,keydown,,,1774697103284
cccdf178-e77b-4c6b-a237-3fbb798d69c1,bot,fast,keydown,,,1774697103286
cccdf178-e77b-4c6b-a237-3fbb798d69c1,bot,fast,keydown,,,1774697103288
cccdf178-e77b-4c6b-a237-3fbb798d69c1,bot,fast,keydown,,,1774697103291
cccdf178-e77b-4c6b-a237-3fbb798d69c1,bot,fast,keydown,,,1774697103294
cccdf178-e77b-4c6b-a237-3fbb798d69c1,bot,fast,keydown,,,1774697103296
cccdf178-e77b-4c6b-a237-3fbb798d69c1,bot,fast,keydown,,,1774697103301
cccdf178-e77b-4c6b-a237-3fbb798d69c1,bot,fast,keydown,,,1774697103299
cccdf178-e77b-4c6b-a237-3fbb798d69c1,bot,fast,keydown,,,1774697103302
cccdf178-e77b-4c6b-a237-3fbb798d69c1,bot,fast,keydown,,,1774697103303
cccdf178-e77b-4c6b-a237-3fbb798d69c1,bot,fast,keydown,,,1774697103305
cccdf178-e77b-4c6b-a237-3fbb798d69c1,bot,fast,keydown,,,1774697103306
cccdf178-e77b-4c6b-a237-3fbb798d69c1,bot,fast,keydown,,,1774697103545
cccdf178-e77b-4c6b-a237-3fbb798d69c1,bot,fast,keydown,,,1774697103546
cccdf178-e77b-4c6b-a237-3fbb798d69c1,bot,fast,keydown,,,1774697103547
cccdf178-e77b-4c6b-a237-3fbb798d69c1,bot,fast,keydown,,,1774697103548
cccdf178-e77b-4c6b-a237-3fbb798d69c1,bot,fast,keydown,,,1774697103549
cccdf178-e77b-4c6b-a237-3fbb798d69c1,bot,fast,keydown,,,1774697103551
cccdf178-e77b-4c6b-a237-3fbb798d69c1,bot,fast,keydown,,,1774697103552
cccdf178-e77b-4c6b-a237-3fbb798d69c1,bot,fast,keydown,,,1774697103553
cccdf178-e77b-4c6b-a237-3fbb798d69c1,bot,fast,keydown,,,1774697103555
cccdf178-e77b-4c6b-a237-3fbb798d69c1,bot,fast,keydown,,,1774697103558
cccdf178-e77b-4c6b-a237-3fbb798d69c1,bot,fast,keydown,,,1774697103560
cccdf178-e77b-4c6b-a237-3fbb798d69c1,bot,fast,keydown,,,1774697103562
cccdf178-e77b-4c6b-a237-3fbb798d69c1,bot,fast,keydown,,,1774697103563
cccdf178-e77b-4c6b-a237-3fbb798d69c1,bot,fast,keydown,,,1774697103564
cccdf178-e77b-4c6b-a237-3fbb798d69c1,bot,fast,keydown,,,1774697103565
cccdf178-e77b-4c6b-a237-3fbb798d69c1,bot,fast,keydown,,,1774697103567
cccdf178-e77b-4c6b-a237-3fbb798d69c1,bot,fast,keydown,,,1774697103569
cccdf178-e77b-4c6b-a237-3fbb798d69c1,bot,fast,keydown,,,1774697103573
cccdf178-e77b-4c6b-a237-3fbb798d69c1,bot,fast,keydown,,,1774697103571
cccdf178-e77b-4c6b-a237-3fbb798d69c1,bot,fast,keydown,,,1774697103574
cccdf178-e77b-4c6b-a237-3fbb798d69c1,bot,fast,keydown,,,1774697103576
cccdf178-e77b-4c6b-a237-3fbb798d69c1,bot,fast,keydown,,,1774697103578
cccdf178-e77b-4c6b-a237-3fbb798d69c1,bot,fast,keydown,,,1774697103579
cccdf178-e77b-4c6b-a237-3fbb798d69c1,bot,fast,keydown,,,1774697103580
cccdf178-e77b-4c6b-a237-3fbb798d69c1,bot,fast,keydown,,,1774697103581
cccdf178-e77b-4c6b-a237-3fbb798d69c1,bot,fast,keydown,,,1774697103582
cccdf178-e77b-4c6b-a237-3fbb798d69c1,bot,fast,keydown,,,1774697103583
cccdf178-e77b-4c6b-a237-3fbb798d69c1,bot,fast,keydown,,,1774697103584
cccdf178-e77b-4c6b-a237-3fbb798d69c1,bot,fast,keydown,,,1774697103585
cccdf178-e77b-4c6b-a237-3fbb798d69c1,bot,fast,keydown,,,1774697103586
cccdf178-e77b-4c6b-a237-3fbb798d69c1,bot,fast,keydown,,,1774697103589
cccdf178-e77b-4c6b-a237-3fbb798d69c1,bot,fast,keydown,,,1774697103588
cccdf178-e77b-4c6b-a237-3fbb798d69c1,bot,fast,keydown,,,1774697103591
cccdf178-e77b-4c6b-a237-3fbb798d69c1,bot,fast,keydown,,,1774697103592
cccdf178-e77b-4c6b-a237-3fbb798d69c1,bot,fast,keydown,,,1774697103594
cccdf178-e77b-4c6b-a237-3fbb798d69c1,bot,fast,keydown,,,1774697103594
cccdf178-e77b-4c6b-a237-3fbb798d69c1,bot,fast,keydown,,,1774697103596
cccdf178-e77b-4c6b-a237-3fbb798d69c1,bot,fast,mousemove,264,575,1774697103707
cccdf178-e77b-4c6b-a237-3fbb798d69c1,bot,fast,click,264,575,1774697103709
cccdf178-e77b-4c6b-a237-3fbb798d69c1,bot,fast,page_screen_change,,,1774697103709
4770ca28-0102-41f8-83c9-bc0b8c2f9ac0,bot,fast,page_screen_change,,,1774697184562
4770ca28-0102-41f8-83c9-bc0b8c2f9ac0,bot,fast,focus_change,,,1774697185385
4770ca28-0102-41f8-83c9-bc0b8c2f9ac0,bot,fast,page_screen_change,,,1774697185413
4770ca28-0102-41f8-83c9-bc0b8c2f9ac0,bot,fast,keydown,,,1774697186040
4770ca28-0102-41f8-83c9-bc0b8c2f9ac0,bot,fast,keydown,,,1774697186044
4770ca28-0102-41f8-83c9-bc0b8c2f9ac0,bot,fast,keydown,,,1774697186046
4770ca28-0102-41f8-83c9-bc0b8c2f9ac0,bot,fast,keydown,,,1774697186049
4770ca28-0102-41f8-83c9-bc0b8c2f9ac0,bot,fast,keydown,,,1774697186052
4770ca28-0102-41f8-83c9-bc0b8c2f9ac0,bot,fast,keydown,,,1774697186054
4770ca28-0102-41f8-83c9-bc0b8c2f9ac0,bot,fast,keydown,,,1774697186056
4770ca28-0102-41f8-83c9-bc0b8c2f9ac0,bot,fast,keydown,,,1774697186057
4770ca28-0102-41f8-83c9-bc0b8c2f9ac0,bot,fast,keydown,,,1774697186058
4770ca28-0102-41f8-83c9-bc0b8c2f9ac0,bot,fast,keydown,,,1774697186059
4770ca28-0102-41f8-83c9-bc0b8c2f9ac0,bot,fast,keydown,,,1774697186060
4770ca28-0102-41f8-83c9-bc0b8c2f9ac0,bot,fast,keydown,,,1774697186061
4770ca28-0102-41f8-83c9-bc0b8c2f9ac0,bot,fast,keydown,,,1774697186063
4770ca28-0102-41f8-83c9-bc0b8c2f9ac0,bot,fast,keydown,,,1774697186064
4770ca28-0102-41f8-83c9-bc0b8c2f9ac0,bot,fast,keydown,,,1774697186066
4770ca28-0102-41f8-83c9-bc0b8c2f9ac0,bot,fast,keydown,,,1774697186068
4770ca28-0102-41f8-83c9-bc0b8c2f9ac0,bot,fast,keydown,,,1774697186069
4770ca28-0102-41f8-83c9-bc0b8c2f9ac0,bot,fast,keydown,,,1774697186070
4770ca28-0102-41f8-83c9-bc0b8c2f9ac0,bot,fast,keydown,,,1774697186071
4770ca28-0102-41f8-83c9-bc0b8c2f9ac0,bot,fast,keydown,,,1774697186072
4770ca28-0102-41f8-83c9-bc0b8c2f9ac0,bot,fast,scroll,46.400001525878906,,1774697186131
4770ca28-0102-41f8-83c9-bc0b8c2f9ac0,bot,fast,keydown,,,1774697186138
4770ca28-0102-41f8-83c9-bc0b8c2f9ac0,bot,fast,keydown,,,1774697186142
4770ca28-0102-41f8-83c9-bc0b8c2f9ac0,bot,fast,keydown,,,1774697186145
4770ca28-0102-41f8-83c9-bc0b8c2f9ac0,bot,fast,keydown,,,1774697186144
4770ca28-0102-41f8-83c9-bc0b8c2f9ac0,bot,fast,keydown,,,1774697186147
4770ca28-0102-41f8-83c9-bc0b8c2f9ac0,bot,fast,keydown,,,1774697186148
4770ca28-0102-41f8-83c9-bc0b8c2f9ac0,bot,fast,keydown,,,1774697186150
4770ca28-0102-41f8-83c9-bc0b8c2f9ac0,bot,fast,keydown,,,1774697186151
4770ca28-0102-41f8-83c9-bc0b8c2f9ac0,bot,fast,keydown,,,1774697186153
4770ca28-0102-41f8-83c9-bc0b8c2f9ac0,bot,fast,keydown,,,1774697186154
4770ca28-0102-41f8-83c9-bc0b8c2f9ac0,bot,fast,keydown,,,1774697186155
4770ca28-0102-41f8-83c9-bc0b8c2f9ac0,bot,fast,scroll,78.4000015258789,,1774697186197
4770ca28-0102-41f8-83c9-bc0b8c2f9ac0,bot,fast,mousemove,59,644,1774697186223
4770ca28-0102-41f8-83c9-bc0b8c2f9ac0,bot,fast,click,59,644,1774697186224
4770ca28-0102-41f8-83c9-bc0b8c2f9ac0,bot,fast,scroll,145.60000610351562,,1774697186279
4770ca28-0102-41f8-83c9-bc0b8c2f9ac0,bot,fast,click,264,626,1774697186294
4770ca28-0102-41f8-83c9-bc0b8c2f9ac0,bot,fast,page_screen_change,,,1774697186295
4770ca28-0102-41f8-83c9-bc0b8c2f9ac0,bot,fast,focus_change,,,1774697186321
4770ca28-0102-41f8-83c9-bc0b8c2f9ac0,bot,fast,page_screen_change,,,1774697186376
4770ca28-0102-41f8-83c9-bc0b8c2f9ac0,bot,fast,keydown,,,1774697187032
4770ca28-0102-41f8-83c9-bc0b8c2f9ac0,bot,fast,keydown,,,1774697187034
4770ca28-0102-41f8-83c9-bc0b8c2f9ac0,bot,fast,keydown,,,1774697187036
4770ca28-0102-41f8-83c9-bc0b8c2f9ac0,bot,fast,keydown,,,1774697187037
4770ca28-0102-41f8-83c9-bc0b8c2f9ac0,bot,fast,keydown,,,1774697187038
4770ca28-0102-41f8-83c9-bc0b8c2f9ac0,bot,fast,keydown,,,1774697187039
4770ca28-0102-41f8-83c9-bc0b8c2f9ac0,bot,fast,keydown,,,1774697187041
4770ca28-0102-41f8-83c9-bc0b8c2f9ac0,bot,fast,keydown,,,1774697187042
4770ca28-0102-41f8-83c9-bc0b8c2f9ac0,bot,fast,keydown,,,1774697187044
4770ca28-0102-41f8-83c9-bc0b8c2f9ac0,bot,fast,keydown,,,1774697187045
4770ca28-0102-41f8-83c9-bc0b8c2f9ac0,bot,fast,keydown,,,1774697187046
4770ca28-0102-41f8-83c9-bc0b8c2f9ac0,bot,fast,keydown,,,1774697187047
4770ca28-0102-41f8-83c9-bc0b8c2f9ac0,bot,fast,keydown,,,1774697187049
4770ca28-0102-41f8-83c9-bc0b8c2f9ac0,bot,fast,keydown,,,1774697187051
4770ca28-0102-41f8-83c9-bc0b8c2f9ac0,bot,fast,keydown,,,1774697187052
4770ca28-0102-41f8-83c9-bc0b8c2f9ac0,bot,fast,keydown,,,1774697187053
4770ca28-0102-41f8-83c9-bc0b8c2f9ac0,bot,fast,keydown,,,1774697187055
4770ca28-0102-41f8-83c9-bc0b8c2f9ac0,bot,fast,keydown,,,1774697187054
4770ca28-0102-41f8-83c9-bc0b8c2f9ac0,bot,fast,keydown,,,1774697187056
4770ca28-0102-41f8-83c9-bc0b8c2f9ac0,bot,fast,keydown,,,1774697187058
4770ca28-0102-41f8-83c9-bc0b8c2f9ac0,bot,fast,keydown,,,1774697187060
4770ca28-0102-41f8-83c9-bc0b8c2f9ac0,bot,fast,mousemove,264,644,1774697187215
4770ca28-0102-41f8-83c9-bc0b8c2f9ac0,bot,fast,click,264,644,1774697187216
4770ca28-0102-41f8-83c9-bc0b8c2f9ac0,bot,fast,scroll,121.5999984741211,,1774697187295
4770ca28-0102-41f8-83c9-bc0b8c2f9ac0,bot,fast,click,264,608,1774697187398
4770ca28-0102-41f8-83c9-bc0b8c2f9ac0,bot,fast,scroll,271.20001220703125,,1774697187401
4770ca28-0102-41f8-83c9-bc0b8c2f9ac0,bot,fast,mousemove,264,556,1774697187570
4770ca28-0102-41f8-83c9-bc0b8c2f9ac0,bot,fast,click,264,556,1774697187572
4770ca28-0102-41f8-83c9-bc0b8c2f9ac0,bot,fast,focus_change,,,1774697187648
4770ca28-0102-41f8-83c9-bc0b8c2f9ac0,bot,fast,page_screen_change,,,1774697187681
4770ca28-0102-41f8-83c9-bc0b8c2f9ac0,bot,fast,mousemove,90,643,1774697188305
4770ca28-0102-41f8-83c9-bc0b8c2f9ac0,bot,fast,scroll,298.3999938964844,,1774697188311
4770ca28-0102-41f8-83c9-bc0b8c2f9ac0,bot,fast,click,90,643,1774697188307
4770ca28-0102-41f8-83c9-bc0b8c2f9ac0,bot,fast,click,436,358,1774697188440
4770ca28-0102-41f8-83c9-bc0b8c2f9ac0,bot,fast,mousemove,787,372,1774697188595
4770ca28-0102-41f8-83c9-bc0b8c2f9ac0,bot,fast,click,787,372,1774697188596
4770ca28-0102-41f8-83c9-bc0b8c2f9ac0,bot,fast,focus_change,,,1774697188666
4770ca28-0102-41f8-83c9-bc0b8c2f9ac0,bot,fast,page_screen_change,,,1774697188714
4770ca28-0102-41f8-83c9-bc0b8c2f9ac0,bot,fast,keydown,,,1774697189326
4770ca28-0102-41f8-83c9-bc0b8c2f9ac0,bot,fast,keydown,,,1774697189328
4770ca28-0102-41f8-83c9-bc0b8c2f9ac0,bot,fast,keydown,,,1774697189333
4770ca28-0102-41f8-83c9-bc0b8c2f9ac0,bot,fast,keydown,,,1774697189336
4770ca28-0102-41f8-83c9-bc0b8c2f9ac0,bot,fast,keydown,,,1774697189339
4770ca28-0102-41f8-83c9-bc0b8c2f9ac0,bot,fast,keydown,,,1774697189341
4770ca28-0102-41f8-83c9-bc0b8c2f9ac0,bot,fast,keydown,,,1774697189344
4770ca28-0102-41f8-83c9-bc0b8c2f9ac0,bot,fast,keydown,,,1774697189344
4770ca28-0102-41f8-83c9-bc0b8c2f9ac0,bot,fast,keydown,,,1774697189347
4770ca28-0102-41f8-83c9-bc0b8c2f9ac0,bot,fast,keydown,,,1774697189349
4770ca28-0102-41f8-83c9-bc0b8c2f9ac0,bot,fast,scroll,389.6000061035156,,1774697189473
4770ca28-0102-41f8-83c9-bc0b8c2f9ac0,bot,fast,keydown,,,1774697189486
4770ca28-0102-41f8-83c9-bc0b8c2f9ac0,bot,fast,keydown,,,1774697189488
4770ca28-0102-41f8-83c9-bc0b8c2f9ac0,bot,fast,keydown,,,1774697189492
4770ca28-0102-41f8-83c9-bc0b8c2f9ac0,bot,fast,keydown,,,1774697189495
4770ca28-0102-41f8-83c9-bc0b8c2f9ac0,bot,fast,keydown,,,1774697189500
4770ca28-0102-41f8-83c9-bc0b8c2f9ac0,bot,fast,keydown,,,1774697189503
4770ca28-0102-41f8-83c9-bc0b8c2f9ac0,bot,fast,keydown,,,1774697189505
4770ca28-0102-41f8-83c9-bc0b8c2f9ac0,bot,fast,keydown,,,1774697189507
4770ca28-0102-41f8-83c9-bc0b8c2f9ac0,bot,fast,keydown,,,1774697189510
4770ca28-0102-41f8-83c9-bc0b8c2f9ac0,bot,fast,keydown,,,1774697189513
4770ca28-0102-41f8-83c9-bc0b8c2f9ac0,bot,fast,keydown,,,1774697189517
4770ca28-0102-41f8-83c9-bc0b8c2f9ac0,bot,fast,keydown,,,1774697189521
4770ca28-0102-41f8-83c9-bc0b8c2f9ac0,bot,fast,keydown,,,1774697189523
4770ca28-0102-41f8-83c9-bc0b8c2f9ac0,bot,fast,keydown,,,1774697189524
4770ca28-0102-41f8-83c9-bc0b8c2f9ac0,bot,fast,keydown,,,1774697189527
4770ca28-0102-41f8-83c9-bc0b8c2f9ac0,bot,fast,keydown,,,1774697189530
4770ca28-0102-41f8-83c9-bc0b8c2f9ac0,bot,fast,keydown,,,1774697189702
4770ca28-0102-41f8-83c9-bc0b8c2f9ac0,bot,fast,keydown,,,1774697189703
4770ca28-0102-41f8-83c9-bc0b8c2f9ac0,bot,fast,keydown,,,1774697189704
4770ca28-0102-41f8-83c9-bc0b8c2f9ac0,bot,fast,keydown,,,1774697189706
4770ca28-0102-41f8-83c9-bc0b8c2f9ac0,bot,fast,keydown,,,1774697189709
4770ca28-0102-41f8-83c9-bc0b8c2f9ac0,bot,fast,keydown,,,1774697189710
4770ca28-0102-41f8-83c9-bc0b8c2f9ac0,bot,fast,keydown,,,1774697189712
4770ca28-0102-41f8-83c9-bc0b8c2f9ac0,bot,fast,keydown,,,1774697189714
4770ca28-0102-41f8-83c9-bc0b8c2f9ac0,bot,fast,keydown,,,1774697189715
4770ca28-0102-41f8-83c9-bc0b8c2f9ac0,bot,fast,keydown,,,1774697189716
4770ca28-0102-41f8-83c9-bc0b8c2f9ac0,bot,fast,keydown,,,1774697189717
4770ca28-0102-41f8-83c9-bc0b8c2f9ac0,bot,fast,keydown,,,1774697189719
4770ca28-0102-41f8-83c9-bc0b8c2f9ac0,bot,fast,keydown,,,1774697189720
4770ca28-0102-41f8-83c9-bc0b8c2f9ac0,bot,fast,keydown,,,1774697189721
4770ca28-0102-41f8-83c9-bc0b8c2f9ac0,bot,fast,keydown,,,1774697189723
4770ca28-0102-41f8-83c9-bc0b8c2f9ac0,bot,fast,keydown,,,1774697189727
4770ca28-0102-41f8-83c9-bc0b8c2f9ac0,bot,fast,keydown,,,1774697189732
4770ca28-0102-41f8-83c9-bc0b8c2f9ac0,bot,fast,keydown,,,1774697189733
4770ca28-0102-41f8-83c9-bc0b8c2f9ac0,bot,fast,keydown,,,1774697189735
4770ca28-0102-41f8-83c9-bc0b8c2f9ac0,bot,fast,keydown,,,1774697189737
4770ca28-0102-41f8-83c9-bc0b8c2f9ac0,bot,fast,keydown,,,1774697189739
4770ca28-0102-41f8-83c9-bc0b8c2f9ac0,bot,fast,keydown,,,1774697189740
4770ca28-0102-41f8-83c9-bc0b8c2f9ac0,bot,fast,keydown,,,1774697189741
4770ca28-0102-41f8-83c9-bc0b8c2f9ac0,bot,fast,keydown,,,1774697189745
4770ca28-0102-41f8-83c9-bc0b8c2f9ac0,bot,fast,keydown,,,1774697189748
4770ca28-0102-41f8-83c9-bc0b8c2f9ac0,bot,fast,keydown,,,1774697189749
4770ca28-0102-41f8-83c9-bc0b8c2f9ac0,bot,fast,keydown,,,1774697189750
4770ca28-0102-41f8-83c9-bc0b8c2f9ac0,bot,fast,keydown,,,1774697189752
4770ca28-0102-41f8-83c9-bc0b8c2f9ac0,bot,fast,keydown,,,1774697189755
4770ca28-0102-41f8-83c9-bc0b8c2f9ac0,bot,fast,keydown,,,1774697189756
4770ca28-0102-41f8-83c9-bc0b8c2f9ac0,bot,fast,keydown,,,1774697189757
4770ca28-0102-41f8-83c9-bc0b8c2f9ac0,bot,fast,keydown,,,1774697189758
4770ca28-0102-41f8-83c9-bc0b8c2f9ac0,bot,fast,keydown,,,1774697189761
4770ca28-0102-41f8-83c9-bc0b8c2f9ac0,bot,fast,keydown,,,1774697189763
4770ca28-0102-41f8-83c9-bc0b8c2f9ac0,bot,fast,keydown,,,1774697189765
4770ca28-0102-41f8-83c9-bc0b8c2f9ac0,bot,fast,keydown,,,1774697189766
4770ca28-0102-41f8-83c9-bc0b8c2f9ac0,bot,fast,mousemove,264,575,1774697189907
4770ca28-0102-41f8-83c9-bc0b8c2f9ac0,bot,fast,click,264,575,1774697189913
4770ca28-0102-41f8-83c9-bc0b8c2f9ac0,bot,fast,page_screen_change,,,1774697189914
391534ed-aaec-490c-b62b-bf15d43748a0,bot,human_like,page_screen_change,,,1774697217080
391534ed-aaec-490c-b62b-bf15d43748a0,bot,human_like,focus_change,,,1774697218652
391534ed-aaec-490c-b62b-bf15d43748a0,bot,human_like,page_screen_change,,,1774697218685
391534ed-aaec-490c-b62b-bf15d43748a0,bot,human_like,mousemove,264,577,1774697219821
391534ed-aaec-490c-b62b-bf15d43748a0,bot,human_like,keydown,,,1774697220718
391534ed-aaec-490c-b62b-bf15d43748a0,bot,human_like,keydown,,,1774697220922
391534ed-aaec-490c-b62b-bf15d43748a0,bot,human_like,keydown,,,1774697221192
391534ed-aaec-490c-b62b-bf15d43748a0,bot,human_like,keydown,,,1774697221589
391534ed-aaec-490c-b62b-bf15d43748a0,bot,human_like,keydown,,,1774697221888
391534ed-aaec-490c-b62b-bf15d43748a0,bot,human_like,keydown,,,1774697222165
391534ed-aaec-490c-b62b-bf15d43748a0,bot,human_like,keydown,,,1774697222461
391534ed-aaec-490c-b62b-bf15d43748a0,bot,human_like,keydown,,,1774697222667
391534ed-aaec-490c-b62b-bf15d43748a0,bot,human_like,keydown,,,1774697222880
391534ed-aaec-490c-b62b-bf15d43748a0,bot,human_like,keydown,,,1774697223139
391534ed-aaec-490c-b62b-bf15d43748a0,bot,human_like,keydown,,,1774697223415
391534ed-aaec-490c-b62b-bf15d43748a0,bot,human_like,keydown,,,1774697223705
391534ed-aaec-490c-b62b-bf15d43748a0,bot,human_like,keydown,,,1774697224046
391534ed-aaec-490c-b62b-bf15d43748a0,bot,human_like,keydown,,,1774697224046
391534ed-aaec-490c-b62b-bf15d43748a0,bot,human_like,keydown,,,1774697224301
391534ed-aaec-490c-b62b-bf15d43748a0,bot,human_like,keydown,,,1774697224605
391534ed-aaec-490c-b62b-bf15d43748a0,bot,human_like,keydown,,,1774697224933
391534ed-aaec-490c-b62b-bf15d43748a0,bot,human_like,keydown,,,1774697225103
391534ed-aaec-490c-b62b-bf15d43748a0,bot,human_like,keydown,,,1774697225297
391534ed-aaec-490c-b62b-bf15d43748a0,bot,human_like,keydown,,,1774697225514
391534ed-aaec-490c-b62b-bf15d43748a0,bot,human_like,keydown,,,1774697225760
391534ed-aaec-490c-b62b-bf15d43748a0,bot,human_like,keydown,,,1774697225947
391534ed-aaec-490c-b62b-bf15d43748a0,bot,human_like,keydown,,,1774697226164
391534ed-aaec-490c-b62b-bf15d43748a0,bot,human_like,keydown,,,1774697226368
391534ed-aaec-490c-b62b-bf15d43748a0,bot,human_like,keydown,,,1774697226586
391534ed-aaec-490c-b62b-bf15d43748a0,bot,human_like,mousemove,264,648,1774697226727
391534ed-aaec-490c-b62b-bf15d43748a0,bot,human_like,scroll,46.400001525878906,,1774697227397
391534ed-aaec-490c-b62b-bf15d43748a0,bot,human_like,keydown,,,1774697227406
391534ed-aaec-490c-b62b-bf15d43748a0,bot,human_like,keydown,,,1774697227670
391534ed-aaec-490c-b62b-bf15d43748a0,bot,human_like,keydown,,,1774697227843
391534ed-aaec-490c-b62b-bf15d43748a0,bot,human_like,keydown,,,1774697228130
391534ed-aaec-490c-b62b-bf15d43748a0,bot,human_like,keydown,,,1774697228365
391534ed-aaec-490c-b62b-bf15d43748a0,bot,human_like,keydown,,,1774697228550
391534ed-aaec-490c-b62b-bf15d43748a0,bot,human_like,keydown,,,1774697228735
391534ed-aaec-490c-b62b-bf15d43748a0,bot,human_like,keydown,,,1774697228858
391534ed-aaec-490c-b62b-bf15d43748a0,bot,human_like,keydown,,,1774697229052
391534ed-aaec-490c-b62b-bf15d43748a0,bot,human_like,keydown,,,1774697229284
391534ed-aaec-490c-b62b-bf15d43748a0,bot,human_like,keydown,,,1774697229484
391534ed-aaec-490c-b62b-bf15d43748a0,bot,human_like,scroll,78.4000015258789,,1774697230055
391534ed-aaec-490c-b62b-bf15d43748a0,bot,human_like,mousemove,59,644,1774697230090
391534ed-aaec-490c-b62b-bf15d43748a0,bot,human_like,click,59,644,1774697230091
391534ed-aaec-490c-b62b-bf15d43748a0,bot,human_like,scroll,145.60000610351562,,1774697230609
391534ed-aaec-490c-b62b-bf15d43748a0,bot,human_like,mousemove,264,626,1774697230621
391534ed-aaec-490c-b62b-bf15d43748a0,bot,human_like,mousemove,264,626,1774697231625
391534ed-aaec-490c-b62b-bf15d43748a0,bot,human_like,click,264,626,1774697231626
391534ed-aaec-490c-b62b-bf15d43748a0,bot,human_like,page_screen_change,,,1774697231627
391534ed-aaec-490c-b62b-bf15d43748a0,bot,human_like,focus_change,,,1774697231661
391534ed-aaec-490c-b62b-bf15d43748a0,bot,human_like,page_screen_change,,,1774697231677
391534ed-aaec-490c-b62b-bf15d43748a0,bot,human_like,mousemove,264,599,1774697232953
391534ed-aaec-490c-b62b-bf15d43748a0,bot,human_like,keydown,,,1774697233720
391534ed-aaec-490c-b62b-bf15d43748a0,bot,human_like,keydown,,,1774697233940
391534ed-aaec-490c-b62b-bf15d43748a0,bot,human_like,keydown,,,1774697234270
391534ed-aaec-490c-b62b-bf15d43748a0,bot,human_like,keydown,,,1774697234472
391534ed-aaec-490c-b62b-bf15d43748a0,bot,human_like,keydown,,,1774697234730
391534ed-aaec-490c-b62b-bf15d43748a0,bot,human_like,keydown,,,1774697234930
391534ed-aaec-490c-b62b-bf15d43748a0,bot,human_like,keydown,,,1774697235202
391534ed-aaec-490c-b62b-bf15d43748a0,bot,human_like,keydown,,,1774697235410
391534ed-aaec-490c-b62b-bf15d43748a0,bot,human_like,keydown,,,1774697235727
391534ed-aaec-490c-b62b-bf15d43748a0,bot,human_like,keydown,,,1774697235900
391534ed-aaec-490c-b62b-bf15d43748a0,bot,human_like,keydown,,,1774697236044
391534ed-aaec-490c-b62b-bf15d43748a0,bot,human_like,keydown,,,1774697236246
391534ed-aaec-490c-b62b-bf15d43748a0,bot,human_like,keydown,,,1774697236450
391534ed-aaec-490c-b62b-bf15d43748a0,bot,human_like,keydown,,,1774697236609
391534ed-aaec-490c-b62b-bf15d43748a0,bot,human_like,keydown,,,1774697236902
391534ed-aaec-490c-b62b-bf15d43748a0,bot,human_like,keydown,,,1774697237177
391534ed-aaec-490c-b62b-bf15d43748a0,bot,human_like,keydown,,,1774697237461
391534ed-aaec-490c-b62b-bf15d43748a0,bot,human_like,keydown,,,1774697237576
391534ed-aaec-490c-b62b-bf15d43748a0,bot,human_like,keydown,,,1774697237773
391534ed-aaec-490c-b62b-bf15d43748a0,bot,human_like,keydown,,,1774697237940
391534ed-aaec-490c-b62b-bf15d43748a0,bot,human_like,keydown,,,1774697238057
391534ed-aaec-490c-b62b-bf15d43748a0,bot,human_like,keydown,,,1774697238341
391534ed-aaec-490c-b62b-bf15d43748a0,bot,human_like,keydown,,,1774697238587
391534ed-aaec-490c-b62b-bf15d43748a0,bot,human_like,keydown,,,1774697238702
391534ed-aaec-490c-b62b-bf15d43748a0,bot,human_like,keydown,,,1774697238919
391534ed-aaec-490c-b62b-bf15d43748a0,bot,human_like,keydown,,,1774697239140
391534ed-aaec-490c-b62b-bf15d43748a0,bot,human_like,keydown,,,1774697239312
391534ed-aaec-490c-b62b-bf15d43748a0,bot,human_like,keydown,,,1774697239551
391534ed-aaec-490c-b62b-bf15d43748a0,bot,human_like,keydown,,,1774697239746
391534ed-aaec-490c-b62b-bf15d43748a0,bot,human_like,keydown,,,1774697239955
391534ed-aaec-490c-b62b-bf15d43748a0,bot,human_like,keydown,,,1774697240143
391534ed-aaec-490c-b62b-bf15d43748a0,bot,human_like,keydown,,,1774697240295
391534ed-aaec-490c-b62b-bf15d43748a0,bot,human_like,keydown,,,1774697240591
391534ed-aaec-490c-b62b-bf15d43748a0,bot,human_like,keydown,,,1774697240779
391534ed-aaec-490c-b62b-bf15d43748a0,bot,human_like,keydown,,,1774697240910
391534ed-aaec-490c-b62b-bf15d43748a0,bot,human_like,keydown,,,1774697241105
391534ed-aaec-490c-b62b-bf15d43748a0,bot,human_like,mousemove,264,644,1774697241894
391534ed-aaec-490c-b62b-bf15d43748a0,bot,human_like,click,264,644,1774697241896
391534ed-aaec-490c-b62b-bf15d43748a0,bot,human_like,scroll,121.5999984741211,,1774697242311
391534ed-aaec-490c-b62b-bf15d43748a0,bot,human_like,mousemove,264,608,1774697242361
391534ed-aaec-490c-b62b-bf15d43748a0,bot,human_like,mousemove,264,608,1774697243291
391534ed-aaec-490c-b62b-bf15d43748a0,bot,human_like,click,264,608,1774697243293
391534ed-aaec-490c-b62b-bf15d43748a0,bot,human_like,scroll,271.20001220703125,,1774697243296
391534ed-aaec-490c-b62b-bf15d43748a0,bot,human_like,mousemove,264,556,1774697244016
391534ed-aaec-490c-b62b-bf15d43748a0,bot,human_like,mousemove,264,556,1774697244785
391534ed-aaec-490c-b62b-bf15d43748a0,bot,human_like,click,264,556,1774697244786
391534ed-aaec-490c-b62b-bf15d43748a0,bot,human_like,focus_change,,,1774697244841
391534ed-aaec-490c-b62b-bf15d43748a0,bot,human_like,page_screen_change,,,1774697244897
391534ed-aaec-490c-b62b-bf15d43748a0,bot,human_like,mousemove,90,643,1774697245970
391534ed-aaec-490c-b62b-bf15d43748a0,bot,human_like,mousemove,90,643,1774697247089
391534ed-aaec-490c-b62b-bf15d43748a0,bot,human_like,click,90,643,1774697247090
391534ed-aaec-490c-b62b-bf15d43748a0,bot,human_like,scroll,298.3999938964844,,1774697247092
391534ed-aaec-490c-b62b-bf15d43748a0,bot,human_like,mousemove,436,358,1774697248928
391534ed-aaec-490c-b62b-bf15d43748a0,bot,human_like,mousemove,436,358,1774697249941
391534ed-aaec-490c-b62b-bf15d43748a0,bot,human_like,click,436,358,1774697249942
391534ed-aaec-490c-b62b-bf15d43748a0,bot,human_like,mousemove,787,372,1774697250843
391534ed-aaec-490c-b62b-bf15d43748a0,bot,human_like,click,787,372,1774697250844
391534ed-aaec-490c-b62b-bf15d43748a0,bot,human_like,focus_change,,,1774697250869
391534ed-aaec-490c-b62b-bf15d43748a0,bot,human_like,page_screen_change,,,1774697250892
391534ed-aaec-490c-b62b-bf15d43748a0,bot,human_like,mousemove,264,620,1774697252172
391534ed-aaec-490c-b62b-bf15d43748a0,bot,human_like,keydown,,,1774697253178
391534ed-aaec-490c-b62b-bf15d43748a0,bot,human_like,keydown,,,1774697253179
391534ed-aaec-490c-b62b-bf15d43748a0,bot,human_like,keydown,,,1774697253369
391534ed-aaec-490c-b62b-bf15d43748a0,bot,human_like,keydown,,,1774697253572
391534ed-aaec-490c-b62b-bf15d43748a0,bot,human_like,keydown,,,1774697253844
391534ed-aaec-490c-b62b-bf15d43748a0,bot,human_like,keydown,,,1774697254098
391534ed-aaec-490c-b62b-bf15d43748a0,bot,human_like,keydown,,,1774697254398
391534ed-aaec-490c-b62b-bf15d43748a0,bot,human_like,keydown,,,1774697254580
391534ed-aaec-490c-b62b-bf15d43748a0,bot,human_like,keydown,,,1774697254581
391534ed-aaec-490c-b62b-bf15d43748a0,bot,human_like,keydown,,,1774697254844
391534ed-aaec-490c-b62b-bf15d43748a0,bot,human_like,keydown,,,1774697255052
391534ed-aaec-490c-b62b-bf15d43748a0,bot,human_like,keydown,,,1774697255270
391534ed-aaec-490c-b62b-bf15d43748a0,bot,human_like,keydown,,,1774697255428
391534ed-aaec-490c-b62b-bf15d43748a0,bot,human_like,keydown,,,1774697255712
391534ed-aaec-490c-b62b-bf15d43748a0,bot,human_like,keydown,,,1774697255712
391534ed-aaec-490c-b62b-bf15d43748a0,bot,human_like,keydown,,,1774697256004
391534ed-aaec-490c-b62b-bf15d43748a0,bot,human_like,keydown,,,1774697256200
391534ed-aaec-490c-b62b-bf15d43748a0,bot,human_like,keydown,,,1774697257278
391534ed-aaec-490c-b62b-bf15d43748a0,bot,human_like,keydown,,,1774697257279
391534ed-aaec-490c-b62b-bf15d43748a0,bot,human_like,scroll,389.6000061035156,,1774697257282
391534ed-aaec-490c-b62b-bf15d43748a0,bot,human_like,keydown,,,1774697257429
391534ed-aaec-490c-b62b-bf15d43748a0,bot,human_like,keydown,,,1774697257678
391534ed-aaec-490c-b62b-bf15d43748a0,bot,human_like,keydown,,,1774697257873
391534ed-aaec-490c-b62b-bf15d43748a0,bot,human_like,keydown,,,1774697258161
391534ed-aaec-490c-b62b-bf15d43748a0,bot,human_like,keydown,,,1774697258408
391534ed-aaec-490c-b62b-bf15d43748a0,bot,human_like,keydown,,,1774697258536
391534ed-aaec-490c-b62b-bf15d43748a0,bot,human_like,keydown,,,1774697258788
391534ed-aaec-490c-b62b-bf15d43748a0,bot,human_like,keydown,,,1774697258934
391534ed-aaec-490c-b62b-bf15d43748a0,bot,human_like,keydown,,,1774697259206
391534ed-aaec-490c-b62b-bf15d43748a0,bot,human_like,keydown,,,1774697259393
391534ed-aaec-490c-b62b-bf15d43748a0,bot,human_like,keydown,,,1774697259394
391534ed-aaec-490c-b62b-bf15d43748a0,bot,human_like,keydown,,,1774697259577
391534ed-aaec-490c-b62b-bf15d43748a0,bot,human_like,keydown,,,1774697259844
391534ed-aaec-490c-b62b-bf15d43748a0,bot,human_like,keydown,,,1774697260048
391534ed-aaec-490c-b62b-bf15d43748a0,bot,human_like,keydown,,,1774697260302
391534ed-aaec-490c-b62b-bf15d43748a0,bot,human_like,keydown,,,1774697260520
391534ed-aaec-490c-b62b-bf15d43748a0,bot,human_like,keydown,,,1774697260756
391534ed-aaec-490c-b62b-bf15d43748a0,bot,human_like,keydown,,,1774697261015
391534ed-aaec-490c-b62b-bf15d43748a0,bot,human_like,keydown,,,1774697261277
391534ed-aaec-490c-b62b-bf15d43748a0,bot,human_like,keydown,,,1774697261536
391534ed-aaec-490c-b62b-bf15d43748a0,bot,human_like,keydown,,,1774697261537
391534ed-aaec-490c-b62b-bf15d43748a0,bot,human_like,keydown,,,1774697261788
391534ed-aaec-490c-b62b-bf15d43748a0,bot,human_like,keydown,,,1774697261972
391534ed-aaec-490c-b62b-bf15d43748a0,bot,human_like,keydown,,,1774697262241
391534ed-aaec-490c-b62b-bf15d43748a0,bot,human_like,keydown,,,1774697262535
391534ed-aaec-490c-b62b-bf15d43748a0,bot,human_like,keydown,,,1774697263595
391534ed-aaec-490c-b62b-bf15d43748a0,bot,human_like,keydown,,,1774697263596
391534ed-aaec-490c-b62b-bf15d43748a0,bot,human_like,keydown,,,1774697263829
391534ed-aaec-490c-b62b-bf15d43748a0,bot,human_like,keydown,,,1774697264048
391534ed-aaec-490c-b62b-bf15d43748a0,bot,human_like,keydown,,,1774697264283
391534ed-aaec-490c-b62b-bf15d43748a0,bot,human_like,keydown,,,1774697264432
391534ed-aaec-490c-b62b-bf15d43748a0,bot,human_like,keydown,,,1774697264679
391534ed-aaec-490c-b62b-bf15d43748a0,bot,human_like,keydown,,,1774697264966
391534ed-aaec-490c-b62b-bf15d43748a0,bot,human_like,keydown,,,1774697265110
391534ed-aaec-490c-b62b-bf15d43748a0,bot,human_like,keydown,,,1774697265388
391534ed-aaec-490c-b62b-bf15d43748a0,bot,human_like,keydown,,,1774697265591
391534ed-aaec-490c-b62b-bf15d43748a0,bot,human_like,keydown,,,1774697265776
391534ed-aaec-490c-b62b-bf15d43748a0,bot,human_like,keydown,,,1774697266061
391534ed-aaec-490c-b62b-bf15d43748a0,bot,human_like,keydown,,,1774697266336
391534ed-aaec-490c-b62b-bf15d43748a0,bot,human_like,keydown,,,1774697266547
391534ed-aaec-490c-b62b-bf15d43748a0,bot,human_like,keydown,,,1774697266740
391534ed-aaec-490c-b62b-bf15d43748a0,bot,human_like,keydown,,,1774697267058
391534ed-aaec-490c-b62b-bf15d43748a0,bot,human_like,keydown,,,1774697267274
391534ed-aaec-490c-b62b-bf15d43748a0,bot,human_like,keydown,,,1774697267441
391534ed-aaec-490c-b62b-bf15d43748a0,bot,human_like,keydown,,,1774697267663
391534ed-aaec-490c-b62b-bf15d43748a0,bot,human_like,keydown,,,1774697267945
391534ed-aaec-490c-b62b-bf15d43748a0,bot,human_like,keydown,,,1774697268108
391534ed-aaec-490c-b62b-bf15d43748a0,bot,human_like,keydown,,,1774697268311
391534ed-aaec-490c-b62b-bf15d43748a0,bot,human_like,keydown,,,1774697268611
391534ed-aaec-490c-b62b-bf15d43748a0,bot,human_like,keydown,,,1774697268781
391534ed-aaec-490c-b62b-bf15d43748a0,bot,human_like,keydown,,,1774697269033
391534ed-aaec-490c-b62b-bf15d43748a0,bot,human_like,keydown,,,1774697269202
391534ed-aaec-490c-b62b-bf15d43748a0,bot,human_like,keydown,,,1774697269369
391534ed-aaec-490c-b62b-bf15d43748a0,bot,human_like,keydown,,,1774697269492
391534ed-aaec-490c-b62b-bf15d43748a0,bot,human_like,keydown,,,1774697269740
391534ed-aaec-490c-b62b-bf15d43748a0,bot,human_like,keydown,,,1774697270009
391534ed-aaec-490c-b62b-bf15d43748a0,bot,human_like,keydown,,,1774697270195
391534ed-aaec-490c-b62b-bf15d43748a0,bot,human_like,keydown,,,1774697270472
391534ed-aaec-490c-b62b-bf15d43748a0,bot,human_like,keydown,,,1774697270748
391534ed-aaec-490c-b62b-bf15d43748a0,bot,human_like,keydown,,,1774697270985
391534ed-aaec-490c-b62b-bf15d43748a0,bot,human_like,keydown,,,1774697271180
391534ed-aaec-490c-b62b-bf15d43748a0,bot,human_like,keydown,,,1774697271409
391534ed-aaec-490c-b62b-bf15d43748a0,bot,human_like,keydown,,,1774697271661
391534ed-aaec-490c-b62b-bf15d43748a0,bot,human_like,keydown,,,1774697271926
391534ed-aaec-490c-b62b-bf15d43748a0,bot,human_like,keydown,,,1774697272168
391534ed-aaec-490c-b62b-bf15d43748a0,bot,human_like,keydown,,,1774697272384
391534ed-aaec-490c-b62b-bf15d43748a0,bot,human_like,keydown,,,1774697272555
391534ed-aaec-490c-b62b-bf15d43748a0,bot,human_like,keydown,,,1774697272769
391534ed-aaec-490c-b62b-bf15d43748a0,bot,human_like,keydown,,,1774697273073
391534ed-aaec-490c-b62b-bf15d43748a0,bot,human_like,keydown,,,1774697273212
391534ed-aaec-490c-b62b-bf15d43748a0,bot,human_like,keydown,,,1774697273411
391534ed-aaec-490c-b62b-bf15d43748a0,bot,human_like,keydown,,,1774697273691
391534ed-aaec-490c-b62b-bf15d43748a0,bot,human_like,keydown,,,1774697273816
391534ed-aaec-490c-b62b-bf15d43748a0,bot,human_like,keydown,,,1774697273996
391534ed-aaec-490c-b62b-bf15d43748a0,bot,human_like,keydown,,,1774697274292
391534ed-aaec-490c-b62b-bf15d43748a0,bot,human_like,keydown,,,1774697274585
391534ed-aaec-490c-b62b-bf15d43748a0,bot,human_like,keydown,,,1774697274728
391534ed-aaec-490c-b62b-bf15d43748a0,bot,human_like,keydown,,,1774697274992
391534ed-aaec-490c-b62b-bf15d43748a0,bot,human_like,keydown,,,1774697275262
391534ed-aaec-490c-b62b-bf15d43748a0,bot,human_like,keydown,,,1774697275545
391534ed-aaec-490c-b62b-bf15d43748a0,bot,human_like,keydown,,,1774697275865
391534ed-aaec-490c-b62b-bf15d43748a0,bot,human_like,keydown,,,1774697276116
391534ed-aaec-490c-b62b-bf15d43748a0,bot,human_like,keydown,,,1774697276290
391534ed-aaec-490c-b62b-bf15d43748a0,bot,human_like,keydown,,,1774697276428
391534ed-aaec-490c-b62b-bf15d43748a0,bot,human_like,keydown,,,1774697276705
391534ed-aaec-490c-b62b-bf15d43748a0,bot,human_like,keydown,,,1774697276896
391534ed-aaec-490c-b62b-bf15d43748a0,bot,human_like,keydown,,,1774697277145
391534ed-aaec-490c-b62b-bf15d43748a0,bot,human_like,mousemove,264,575,1774697278405
391534ed-aaec-490c-b62b-bf15d43748a0,bot,human_like,click,264,575,1774697278406
391534ed-aaec-490c-b62b-bf15d43748a0,bot,human_like,page_screen_change,,,1774697278407
ee4645c5-afc3-424d-a625-d7fb9f2013ba,human,none,page_screen_change,,,1774697347226
ee4645c5-afc3-424d-a625-d7fb9f2013ba,human,none,mousemove,1542,84,1774697347254
ee4645c5-afc3-424d-a625-d7fb9f2013ba,human,none,mousemove,1521,82,1774697347462
ee4645c5-afc3-424d-a625-d7fb9f2013ba,human,none,mousemove,1321,188,1774697347678
ee4645c5-afc3-424d-a625-d7fb9f2013ba,human,none,mousemove,972,299,1774697347895
ee4645c5-afc3-424d-a625-d7fb9f2013ba,human,none,mousemove,851,318,1774697348111
ee4645c5-afc3-424d-a625-d7fb9f2013ba,human,none,mousemove,803,328,1774697348328
ee4645c5-afc3-424d-a625-d7fb9f2013ba,human,none,mousemove,794,340,1774697348788
ee4645c5-afc3-424d-a625-d7fb9f2013ba,human,none,mousemove,780,355,1774697348996
ee4645c5-afc3-424d-a625-d7fb9f2013ba,human,none,mousemove,779,356,1774697349309
ee4645c5-afc3-424d-a625-d7fb9f2013ba,human,none,mousemove,777,353,1774697350373
ee4645c5-afc3-424d-a625-d7fb9f2013ba,human,none,mousemove,776,346,1774697350588
ee4645c5-afc3-424d-a625-d7fb9f2013ba,human,none,mousemove,776,343,1774697350988
ee4645c5-afc3-424d-a625-d7fb9f2013ba,human,none,scroll,0.8888888955116272,,1774697351714
ee4645c5-afc3-424d-a625-d7fb9f2013ba,human,none,scroll,3.555555582046509,,1774697351730
ee4645c5-afc3-424d-a625-d7fb9f2013ba,human,none,scroll,8,,1774697351747
ee4645c5-afc3-424d-a625-d7fb9f2013ba,human,none,scroll,15.11111068725586,,1774697351764
ee4645c5-afc3-424d-a625-d7fb9f2013ba,human,none,scroll,23.11111068725586,,1774697351782
ee4645c5-afc3-424d-a625-d7fb9f2013ba,human,none,scroll,32.88888931274414,,1774697351797
ee4645c5-afc3-424d-a625-d7fb9f2013ba,human,none,scroll,41.77777862548828,,1774697351814
ee4645c5-afc3-424d-a625-d7fb9f2013ba,human,none,scroll,49.77777862548828,,1774697351830
ee4645c5-afc3-424d-a625-d7fb9f2013ba,human,none,scroll,56.88888931274414,,1774697351847
ee4645c5-afc3-424d-a625-d7fb9f2013ba,human,none,scroll,61.33333206176758,,1774697351865
ee4645c5-afc3-424d-a625-d7fb9f2013ba,human,none,scroll,64,,1774697351880
ee4645c5-afc3-424d-a625-d7fb9f2013ba,human,none,scroll,64.88888549804688,,1774697351897
ee4645c5-afc3-424d-a625-d7fb9f2013ba,human,none,mousemove,776,344,1774697352674
ee4645c5-afc3-424d-a625-d7fb9f2013ba,human,none,mousemove,944,473,1774697352890
ee4645c5-afc3-424d-a625-d7fb9f2013ba,human,none,mousemove,1010,511,1774697353101
ee4645c5-afc3-424d-a625-d7fb9f2013ba,human,none,mousemove,1158,539,1774697353306
ee4645c5-afc3-424d-a625-d7fb9f2013ba,human,none,mousemove,1237,560,1774697353523
ee4645c5-afc3-424d-a625-d7fb9f2013ba,human,none,mousemove,1249,552,1774697353900
ee4645c5-afc3-424d-a625-d7fb9f2013ba,human,none,mousemove,1250,548,1774697354484
ee4645c5-afc3-424d-a625-d7fb9f2013ba,human,none,mousemove,1241,549,1774697354688
ee4645c5-afc3-424d-a625-d7fb9f2013ba,human,none,mousemove,1179,564,1774697354905
ee4645c5-afc3-424d-a625-d7fb9f2013ba,human,none,mousemove,995,700,1774697355278
ee4645c5-afc3-424d-a625-d7fb9f2013ba,human,none,mousemove,1128,774,1774697355488
ee4645c5-afc3-424d-a625-d7fb9f2013ba,human,none,mousemove,914,772,1774697355979
ee4645c5-afc3-424d-a625-d7fb9f2013ba,human,none,mousemove,827,712,1774697356187
ee4645c5-afc3-424d-a625-d7fb9f2013ba,human,none,mousemove,626,307,1774697356403
ee4645c5-afc3-424d-a625-d7fb9f2013ba,human,none,mousemove,636,282,1774697356653
ee4645c5-afc3-424d-a625-d7fb9f2013ba,human,none,mousemove,910,404,1774697356870
ee4645c5-afc3-424d-a625-d7fb9f2013ba,human,none,mousemove,962,441,1774697357086
ee4645c5-afc3-424d-a625-d7fb9f2013ba,human,none,mousemove,1100,617,1774697357303
ee4645c5-afc3-424d-a625-d7fb9f2013ba,human,none,mousemove,1107,702,1774697357519
ee4645c5-afc3-424d-a625-d7fb9f2013ba,human,none,focus_change,,,1774697379619
ee4645c5-afc3-424d-a625-d7fb9f2013ba,human,none,focus_change,,,1774697381509
ee4645c5-afc3-424d-a625-d7fb9f2013ba,human,none,mousemove,928,774,1774697382502
ee4645c5-afc3-424d-a625-d7fb9f2013ba,human,none,mousemove,813,519,1774697382712
ee4645c5-afc3-424d-a625-d7fb9f2013ba,human,none,mousemove,564,1,1774697386981
ee4645c5-afc3-424d-a625-d7fb9f2013ba,human,none,mousemove,1009,636,1774697387191
ee4645c5-afc3-424d-a625-d7fb9f2013ba,human,none,mousemove,1013,677,1774697387408
ee4645c5-afc3-424d-a625-d7fb9f2013ba,human,none,focus_change,,,1774697388340
ee4645c5-afc3-424d-a625-d7fb9f2013ba,human,none,focus_change,,,1774697528223
ee4645c5-afc3-424d-a625-d7fb9f2013ba,human,none,mousemove,1029,771,1774697529277
ee4645c5-afc3-424d-a625-d7fb9f2013ba,human,none,focus_change,,,1774697530946
ee4645c5-afc3-424d-a625-d7fb9f2013ba,human,none,focus_change,,,1774697833193
ee4645c5-afc3-424d-a625-d7fb9f2013ba,human,none,mousemove,823,3,1774697833556
ee4645c5-afc3-424d-a625-d7fb9f2013ba,human,none,mousemove,279,38,1774697833758
ee4645c5-afc3-424d-a625-d7fb9f2013ba,human,none,mousemove,192,0,1774697833973
75b456da-80e3-4b65-852b-b7ae3f44c685,human,none,page_screen_change,,,1774697835646
75b456da-80e3-4b65-852b-b7ae3f44c685,human,none,scroll,64.88888549804688,,1774697835658
75b456da-80e3-4b65-852b-b7ae3f44c685,human,none,page_screen_change,,,1774697838416
75b456da-80e3-4b65-852b-b7ae3f44c685,human,none,scroll,64.88888549804688,,1774697838449
75b456da-80e3-4b65-852b-b7ae3f44c685,human,none,mousemove,206,43,1774697838600
75b456da-80e3-4b65-852b-b7ae3f44c685,human,none,mousemove,624,276,1774697838803
75b456da-80e3-4b65-852b-b7ae3f44c685,human,none,mousemove,716,274,1774697839020
75b456da-80e3-4b65-852b-b7ae3f44c685,human,none,mousemove,702,214,1774697839244
75b456da-80e3-4b65-852b-b7ae3f44c685,human,none,mousemove,699,210,1774697839470
75b456da-80e3-4b65-852b-b7ae3f44c685,human,none,click,699,210,1774697839596
75b456da-80e3-4b65-852b-b7ae3f44c685,human,none,focus_change,,,1774697839648
7f00c834-d1f3-4978-a81c-0a11723a851d,bot,coordinated,page_screen_change,,,1774697855018
a77e1e7d-9b64-45d4-8c57-da2a1dbd74ae,bot,coordinated,page_screen_change,,,1774697855025
fc1551f6-ef6e-496d-b06e-4b71d16b3733,bot,coordinated,page_screen_change,,,1774697855312
7f00c834-d1f3-4978-a81c-0a11723a851d,bot,coordinated,focus_change,,,1774697855981
7f00c834-d1f3-4978-a81c-0a11723a851d,bot,coordinated,page_screen_change,,,1774697856011
a77e1e7d-9b64-45d4-8c57-da2a1dbd74ae,bot,coordinated,focus_change,,,1774697856043
a77e1e7d-9b64-45d4-8c57-da2a1dbd74ae,bot,coordinated,page_screen_change,,,1774697856066
fc1551f6-ef6e-496d-b06e-4b71d16b3733,bot,coordinated,focus_change,,,1774697856215
fc1551f6-ef6e-496d-b06e-4b71d16b3733,bot,coordinated,page_screen_change,,,1774697856235
7f00c834-d1f3-4978-a81c-0a11723a851d,bot,coordinated,keydown,,,1774697856962
7f00c834-d1f3-4978-a81c-0a11723a851d,bot,coordinated,keydown,,,1774697856969
7f00c834-d1f3-4978-a81c-0a11723a851d,bot,coordinated,keydown,,,1774697856971
7f00c834-d1f3-4978-a81c-0a11723a851d,bot,coordinated,keydown,,,1774697856974
7f00c834-d1f3-4978-a81c-0a11723a851d,bot,coordinated,keydown,,,1774697856976
7f00c834-d1f3-4978-a81c-0a11723a851d,bot,coordinated,keydown,,,1774697856978
7f00c834-d1f3-4978-a81c-0a11723a851d,bot,coordinated,keydown,,,1774697856979
7f00c834-d1f3-4978-a81c-0a11723a851d,bot,coordinated,keydown,,,1774697856982
7f00c834-d1f3-4978-a81c-0a11723a851d,bot,coordinated,keydown,,,1774697856984
7f00c834-d1f3-4978-a81c-0a11723a851d,bot,coordinated,keydown,,,1774697856987
7f00c834-d1f3-4978-a81c-0a11723a851d,bot,coordinated,keydown,,,1774697856990
7f00c834-d1f3-4978-a81c-0a11723a851d,bot,coordinated,keydown,,,1774697856990
7f00c834-d1f3-4978-a81c-0a11723a851d,bot,coordinated,keydown,,,1774697856992
7f00c834-d1f3-4978-a81c-0a11723a851d,bot,coordinated,keydown,,,1774697856993
a77e1e7d-9b64-45d4-8c57-da2a1dbd74ae,bot,coordinated,keydown,,,1774697857026
7f00c834-d1f3-4978-a81c-0a11723a851d,bot,coordinated,keydown,,,1774697856993
a77e1e7d-9b64-45d4-8c57-da2a1dbd74ae,bot,coordinated,keydown,,,1774697857030
a77e1e7d-9b64-45d4-8c57-da2a1dbd74ae,bot,coordinated,keydown,,,1774697857032
7f00c834-d1f3-4978-a81c-0a11723a851d,bot,coordinated,keydown,,,1774697856994
a77e1e7d-9b64-45d4-8c57-da2a1dbd74ae,bot,coordinated,keydown,,,1774697857034
a77e1e7d-9b64-45d4-8c57-da2a1dbd74ae,bot,coordinated,keydown,,,1774697857035
a77e1e7d-9b64-45d4-8c57-da2a1dbd74ae,bot,coordinated,keydown,,,1774697857037
7f00c834-d1f3-4978-a81c-0a11723a851d,bot,coordinated,keydown,,,1774697856996
7f00c834-d1f3-4978-a81c-0a11723a851d,bot,coordinated,keydown,,,1774697856997
7f00c834-d1f3-4978-a81c-0a11723a851d,bot,coordinated,keydown,,,1774697856999
7f00c834-d1f3-4978-a81c-0a11723a851d,bot,coordinated,keydown,,,1774697857001
a77e1e7d-9b64-45d4-8c57-da2a1dbd74ae,bot,coordinated,keydown,,,1774697857038
7f00c834-d1f3-4978-a81c-0a11723a851d,bot,coordinated,keydown,,,1774697857002
a77e1e7d-9b64-45d4-8c57-da2a1dbd74ae,bot,coordinated,keydown,,,1774697857040
7f00c834-d1f3-4978-a81c-0a11723a851d,bot,coordinated,keydown,,,1774697857004
a77e1e7d-9b64-45d4-8c57-da2a1dbd74ae,bot,coordinated,keydown,,,1774697857041
a77e1e7d-9b64-45d4-8c57-da2a1dbd74ae,bot,coordinated,keydown,,,1774697857042
a77e1e7d-9b64-45d4-8c57-da2a1dbd74ae,bot,coordinated,keydown,,,1774697857043
a77e1e7d-9b64-45d4-8c57-da2a1dbd74ae,bot,coordinated,keydown,,,1774697857044
7f00c834-d1f3-4978-a81c-0a11723a851d,bot,coordinated,keydown,,,1774697857005
7f00c834-d1f3-4978-a81c-0a11723a851d,bot,coordinated,keydown,,,1774697857006
7f00c834-d1f3-4978-a81c-0a11723a851d,bot,coordinated,keydown,,,1774697857008
7f00c834-d1f3-4978-a81c-0a11723a851d,bot,coordinated,keydown,,,1774697857009
a77e1e7d-9b64-45d4-8c57-da2a1dbd74ae,bot,coordinated,keydown,,,1774697857045
7f00c834-d1f3-4978-a81c-0a11723a851d,bot,coordinated,scroll,46.400001525878906,,1774697857097
a77e1e7d-9b64-45d4-8c57-da2a1dbd74ae,bot,coordinated,keydown,,,1774697857046
7f00c834-d1f3-4978-a81c-0a11723a851d,bot,coordinated,keydown,,,1774697857105
a77e1e7d-9b64-45d4-8c57-da2a1dbd74ae,bot,coordinated,keydown,,,1774697857046
fc1551f6-ef6e-496d-b06e-4b71d16b3733,bot,coordinated,keydown,,,1774697857147
a77e1e7d-9b64-45d4-8c57-da2a1dbd74ae,bot,coordinated,keydown,,,1774697857048
fc1551f6-ef6e-496d-b06e-4b71d16b3733,bot,coordinated,keydown,,,1774697857157
fc1551f6-ef6e-496d-b06e-4b71d16b3733,bot,coordinated,keydown,,,1774697857155
a77e1e7d-9b64-45d4-8c57-da2a1dbd74ae,bot,coordinated,keydown,,,1774697857050
fc1551f6-ef6e-496d-b06e-4b71d16b3733,bot,coordinated,keydown,,,1774697857153
a77e1e7d-9b64-45d4-8c57-da2a1dbd74ae,bot,coordinated,keydown,,,1774697857052
fc1551f6-ef6e-496d-b06e-4b71d16b3733,bot,coordinated,keydown,,,1774697857158
fc1551f6-ef6e-496d-b06e-4b71d16b3733,bot,coordinated,keydown,,,1774697857160
7f00c834-d1f3-4978-a81c-0a11723a851d,bot,coordinated,keydown,,,1774697857109
7f00c834-d1f3-4978-a81c-0a11723a851d,bot,coordinated,keydown,,,1774697857111
7f00c834-d1f3-4978-a81c-0a11723a851d,bot,coordinated,keydown,,,1774697857112
7f00c834-d1f3-4978-a81c-0a11723a851d,bot,coordinated,keydown,,,1774697857113
7f00c834-d1f3-4978-a81c-0a11723a851d,bot,coordinated,keydown,,,1774697857114
a77e1e7d-9b64-45d4-8c57-da2a1dbd74ae,bot,coordinated,keydown,,,1774697857053
7f00c834-d1f3-4978-a81c-0a11723a851d,bot,coordinated,keydown,,,1774697857115
a77e1e7d-9b64-45d4-8c57-da2a1dbd74ae,bot,coordinated,keydown,,,1774697857055
a77e1e7d-9b64-45d4-8c57-da2a1dbd74ae,bot,coordinated,keydown,,,1774697857057
fc1551f6-ef6e-496d-b06e-4b71d16b3733,bot,coordinated,keydown,,,1774697857160
a77e1e7d-9b64-45d4-8c57-da2a1dbd74ae,bot,coordinated,keydown,,,1774697857058
fc1551f6-ef6e-496d-b06e-4b71d16b3733,bot,coordinated,keydown,,,1774697857164
a77e1e7d-9b64-45d4-8c57-da2a1dbd74ae,bot,coordinated,keydown,,,1774697857060
fc1551f6-ef6e-496d-b06e-4b71d16b3733,bot,coordinated,keydown,,,1774697857166
fc1551f6-ef6e-496d-b06e-4b71d16b3733,bot,coordinated,keydown,,,1774697857168
a77e1e7d-9b64-45d4-8c57-da2a1dbd74ae,bot,coordinated,keydown,,,1774697857062
fc1551f6-ef6e-496d-b06e-4b71d16b3733,bot,coordinated,keydown,,,1774697857170
fc1551f6-ef6e-496d-b06e-4b71d16b3733,bot,coordinated,keydown,,,1774697857171
7f00c834-d1f3-4978-a81c-0a11723a851d,bot,coordinated,keydown,,,1774697857116
7f00c834-d1f3-4978-a81c-0a11723a851d,bot,coordinated,scroll,145.60000610351562,,1774697857193
7f00c834-d1f3-4978-a81c-0a11723a851d,bot,coordinated,mousemove,264,626,1774697857235
7f00c834-d1f3-4978-a81c-0a11723a851d,bot,coordinated,click,264,626,1774697857237
a77e1e7d-9b64-45d4-8c57-da2a1dbd74ae,bot,coordinated,keydown,,,1774697857063
7f00c834-d1f3-4978-a81c-0a11723a851d,bot,coordinated,page_screen_change,,,1774697857238
a77e1e7d-9b64-45d4-8c57-da2a1dbd74ae,bot,coordinated,keydown,,,1774697857065
fc1551f6-ef6e-496d-b06e-4b71d16b3733,bot,coordinated,keydown,,,1774697857173
a77e1e7d-9b64-45d4-8c57-da2a1dbd74ae,bot,coordinated,scroll,46.400001525878906,,1774697857133
fc1551f6-ef6e-496d-b06e-4b71d16b3733,bot,coordinated,keydown,,,1774697857174
a77e1e7d-9b64-45d4-8c57-da2a1dbd74ae,bot,coordinated,keydown,,,1774697857144
fc1551f6-ef6e-496d-b06e-4b71d16b3733,bot,coordinated,keydown,,,1774697857175
fc1551f6-ef6e-496d-b06e-4b71d16b3733,bot,coordinated,keydown,,,1774697857176
a77e1e7d-9b64-45d4-8c57-da2a1dbd74ae,bot,coordinated,keydown,,,1774697857148
fc1551f6-ef6e-496d-b06e-4b71d16b3733,bot,coordinated,keydown,,,1774697857178
7f00c834-d1f3-4978-a81c-0a11723a851d,bot,coordinated,focus_change,,,1774697857359
fc1551f6-ef6e-496d-b06e-4b71d16b3733,bot,coordinated,keydown,,,1774697857180
a77e1e7d-9b64-45d4-8c57-da2a1dbd74ae,bot,coordinated,keydown,,,1774697857149
a77e1e7d-9b64-45d4-8c57-da2a1dbd74ae,bot,coordinated,keydown,,,1774697857150
a77e1e7d-9b64-45d4-8c57-da2a1dbd74ae,bot,coordinated,keydown,,,1774697857153
fc1551f6-ef6e-496d-b06e-4b71d16b3733,bot,coordinated,keydown,,,1774697857181
a77e1e7d-9b64-45d4-8c57-da2a1dbd74ae,bot,coordinated,keydown,,,1774697857155
fc1551f6-ef6e-496d-b06e-4b71d16b3733,bot,coordinated,keydown,,,1774697857182
fc1551f6-ef6e-496d-b06e-4b71d16b3733,bot,coordinated,keydown,,,1774697857184
a77e1e7d-9b64-45d4-8c57-da2a1dbd74ae,bot,coordinated,keydown,,,1774697857158
fc1551f6-ef6e-496d-b06e-4b71d16b3733,bot,coordinated,keydown,,,1774697857186
fc1551f6-ef6e-496d-b06e-4b71d16b3733,bot,coordinated,keydown,,,1774697857188
7f00c834-d1f3-4978-a81c-0a11723a851d,bot,coordinated,page_screen_change,,,1774697857467
a77e1e7d-9b64-45d4-8c57-da2a1dbd74ae,bot,coordinated,keydown,,,1774697857159
a77e1e7d-9b64-45d4-8c57-da2a1dbd74ae,bot,coordinated,mousemove,264,626,1774697857269
a77e1e7d-9b64-45d4-8c57-da2a1dbd74ae,bot,coordinated,scroll,145.60000610351562,,1774697857225
a77e1e7d-9b64-45d4-8c57-da2a1dbd74ae,bot,coordinated,click,264,626,1774697857271
fc1551f6-ef6e-496d-b06e-4b71d16b3733,bot,coordinated,keydown,,,1774697857189
a77e1e7d-9b64-45d4-8c57-da2a1dbd74ae,bot,coordinated,page_screen_change,,,1774697857273
fc1551f6-ef6e-496d-b06e-4b71d16b3733,bot,coordinated,keydown,,,1774697857190
fc1551f6-ef6e-496d-b06e-4b71d16b3733,bot,coordinated,keydown,,,1774697857191
fc1551f6-ef6e-496d-b06e-4b71d16b3733,bot,coordinated,scroll,46.400001525878906,,1774697857264
a77e1e7d-9b64-45d4-8c57-da2a1dbd74ae,bot,coordinated,focus_change,,,1774697857399
fc1551f6-ef6e-496d-b06e-4b71d16b3733,bot,coordinated,keydown,,,1774697857272
fc1551f6-ef6e-496d-b06e-4b71d16b3733,bot,coordinated,keydown,,,1774697857277
fc1551f6-ef6e-496d-b06e-4b71d16b3733,bot,coordinated,keydown,,,1774697857279
fc1551f6-ef6e-496d-b06e-4b71d16b3733,bot,coordinated,keydown,,,1774697857282
fc1551f6-ef6e-496d-b06e-4b71d16b3733,bot,coordinated,keydown,,,1774697857283
fc1551f6-ef6e-496d-b06e-4b71d16b3733,bot,coordinated,keydown,,,1774697857286
fc1551f6-ef6e-496d-b06e-4b71d16b3733,bot,coordinated,keydown,,,1774697857289
a77e1e7d-9b64-45d4-8c57-da2a1dbd74ae,bot,coordinated,page_screen_change,,,1774697857612
fc1551f6-ef6e-496d-b06e-4b71d16b3733,bot,coordinated,keydown,,,1774697857290
fc1551f6-ef6e-496d-b06e-4b71d16b3733,bot,coordinated,scroll,145.60000610351562,,1774697857350
fc1551f6-ef6e-496d-b06e-4b71d16b3733,bot,coordinated,mousemove,264,626,1774697857406
fc1551f6-ef6e-496d-b06e-4b71d16b3733,bot,coordinated,click,264,626,1774697857408
fc1551f6-ef6e-496d-b06e-4b71d16b3733,bot,coordinated,page_screen_change,,,1774697857410
fc1551f6-ef6e-496d-b06e-4b71d16b3733,bot,coordinated,focus_change,,,1774697857525
fc1551f6-ef6e-496d-b06e-4b71d16b3733,bot,coordinated,page_screen_change,,,1774697857679
7f00c834-d1f3-4978-a81c-0a11723a851d,bot,coordinated,keydown,,,1774697858148
7f00c834-d1f3-4978-a81c-0a11723a851d,bot,coordinated,keydown,,,1774697858149
7f00c834-d1f3-4978-a81c-0a11723a851d,bot,coordinated,keydown,,,1774697858149
7f00c834-d1f3-4978-a81c-0a11723a851d,bot,coordinated,keydown,,,1774697858150
7f00c834-d1f3-4978-a81c-0a11723a851d,bot,coordinated,keydown,,,1774697858152
7f00c834-d1f3-4978-a81c-0a11723a851d,bot,coordinated,keydown,,,1774697858154
7f00c834-d1f3-4978-a81c-0a11723a851d,bot,coordinated,keydown,,,1774697858154
7f00c834-d1f3-4978-a81c-0a11723a851d,bot,coordinated,keydown,,,1774697858155
7f00c834-d1f3-4978-a81c-0a11723a851d,bot,coordinated,keydown,,,1774697858157
7f00c834-d1f3-4978-a81c-0a11723a851d,bot,coordinated,keydown,,,1774697858159
7f00c834-d1f3-4978-a81c-0a11723a851d,bot,coordinated,keydown,,,1774697858160
7f00c834-d1f3-4978-a81c-0a11723a851d,bot,coordinated,keydown,,,1774697858161
7f00c834-d1f3-4978-a81c-0a11723a851d,bot,coordinated,keydown,,,1774697858162
7f00c834-d1f3-4978-a81c-0a11723a851d,bot,coordinated,mousemove,264,644,1774697858255
7f00c834-d1f3-4978-a81c-0a11723a851d,bot,coordinated,click,264,644,1774697858257
a77e1e7d-9b64-45d4-8c57-da2a1dbd74ae,bot,coordinated,keydown,,,1774697858297
a77e1e7d-9b64-45d4-8c57-da2a1dbd74ae,bot,coordinated,keydown,,,1774697858299
a77e1e7d-9b64-45d4-8c57-da2a1dbd74ae,bot,coordinated,keydown,,,1774697858300
a77e1e7d-9b64-45d4-8c57-da2a1dbd74ae,bot,coordinated,keydown,,,1774697858301
a77e1e7d-9b64-45d4-8c57-da2a1dbd74ae,bot,coordinated,keydown,,,1774697858303
a77e1e7d-9b64-45d4-8c57-da2a1dbd74ae,bot,coordinated,keydown,,,1774697858303
a77e1e7d-9b64-45d4-8c57-da2a1dbd74ae,bot,coordinated,keydown,,,1774697858304
a77e1e7d-9b64-45d4-8c57-da2a1dbd74ae,bot,coordinated,keydown,,,1774697858305
a77e1e7d-9b64-45d4-8c57-da2a1dbd74ae,bot,coordinated,keydown,,,1774697858307
a77e1e7d-9b64-45d4-8c57-da2a1dbd74ae,bot,coordinated,keydown,,,1774697858309
a77e1e7d-9b64-45d4-8c57-da2a1dbd74ae,bot,coordinated,keydown,,,1774697858311
7f00c834-d1f3-4978-a81c-0a11723a851d,bot,coordinated,scroll,121.5999984741211,,1774697858333
a77e1e7d-9b64-45d4-8c57-da2a1dbd74ae,bot,coordinated,keydown,,,1774697858312
a77e1e7d-9b64-45d4-8c57-da2a1dbd74ae,bot,coordinated,keydown,,,1774697858313
fc1551f6-ef6e-496d-b06e-4b71d16b3733,bot,coordinated,keydown,,,1774697858385
fc1551f6-ef6e-496d-b06e-4b71d16b3733,bot,coordinated,keydown,,,1774697858389
fc1551f6-ef6e-496d-b06e-4b71d16b3733,bot,coordinated,keydown,,,1774697858390
fc1551f6-ef6e-496d-b06e-4b71d16b3733,bot,coordinated,keydown,,,1774697858392
fc1551f6-ef6e-496d-b06e-4b71d16b3733,bot,coordinated,keydown,,,1774697858393
fc1551f6-ef6e-496d-b06e-4b71d16b3733,bot,coordinated,keydown,,,1774697858395
fc1551f6-ef6e-496d-b06e-4b71d16b3733,bot,coordinated,keydown,,,1774697858396
fc1551f6-ef6e-496d-b06e-4b71d16b3733,bot,coordinated,keydown,,,1774697858397
7f00c834-d1f3-4978-a81c-0a11723a851d,bot,coordinated,click,264,608,1774697858413
fc1551f6-ef6e-496d-b06e-4b71d16b3733,bot,coordinated,keydown,,,1774697858398
7f00c834-d1f3-4978-a81c-0a11723a851d,bot,coordinated,scroll,271.20001220703125,,1774697858414
fc1551f6-ef6e-496d-b06e-4b71d16b3733,bot,coordinated,keydown,,,1774697858399
fc1551f6-ef6e-496d-b06e-4b71d16b3733,bot,coordinated,keydown,,,1774697858399
fc1551f6-ef6e-496d-b06e-4b71d16b3733,bot,coordinated,keydown,,,1774697858400
a77e1e7d-9b64-45d4-8c57-da2a1dbd74ae,bot,coordinated,mousemove,264,644,1774697858438
a77e1e7d-9b64-45d4-8c57-da2a1dbd74ae,bot,coordinated,click,264,644,1774697858439
a77e1e7d-9b64-45d4-8c57-da2a1dbd74ae,bot,coordinated,scroll,121.5999984741211,,1774697858485
fc1551f6-ef6e-496d-b06e-4b71d16b3733,bot,coordinated,mousemove,264,644,1774697858490
fc1551f6-ef6e-496d-b06e-4b71d16b3733,bot,coordinated,click,264,644,1774697858491
fc1551f6-ef6e-496d-b06e-4b71d16b3733,bot,coordinated,scroll,121.5999984741211,,1774697858542
a77e1e7d-9b64-45d4-8c57-da2a1dbd74ae,bot,coordinated,click,264,608,1774697858544
a77e1e7d-9b64-45d4-8c57-da2a1dbd74ae,bot,coordinated,scroll,271.20001220703125,,1774697858551
fc1551f6-ef6e-496d-b06e-4b71d16b3733,bot,coordinated,click,264,608,1774697858619
fc1551f6-ef6e-496d-b06e-4b71d16b3733,bot,coordinated,scroll,271.20001220703125,,1774697858621
7f00c834-d1f3-4978-a81c-0a11723a851d,bot,coordinated,mousemove,264,556,1774697858825
7f00c834-d1f3-4978-a81c-0a11723a851d,bot,coordinated,click,264,556,1774697858826
7f00c834-d1f3-4978-a81c-0a11723a851d,bot,coordinated,focus_change,,,1774697858880
7f00c834-d1f3-4978-a81c-0a11723a851d,bot,coordinated,page_screen_change,,,1774697858910
a77e1e7d-9b64-45d4-8c57-da2a1dbd74ae,bot,coordinated,mousemove,264,556,1774697859000
a77e1e7d-9b64-45d4-8c57-da2a1dbd74ae,bot,coordinated,click,264,556,1774697859001
a77e1e7d-9b64-45d4-8c57-da2a1dbd74ae,bot,coordinated,focus_change,,,1774697859054
fc1551f6-ef6e-496d-b06e-4b71d16b3733,bot,coordinated,mousemove,264,556,1774697859063
fc1551f6-ef6e-496d-b06e-4b71d16b3733,bot,coordinated,click,264,556,1774697859065
a77e1e7d-9b64-45d4-8c57-da2a1dbd74ae,bot,coordinated,page_screen_change,,,1774697859079
fc1551f6-ef6e-496d-b06e-4b71d16b3733,bot,coordinated,focus_change,,,1774697859121
fc1551f6-ef6e-496d-b06e-4b71d16b3733,bot,coordinated,page_screen_change,,,1774697859142
7f00c834-d1f3-4978-a81c-0a11723a851d,bot,coordinated,mousemove,90,643,1774697859663
7f00c834-d1f3-4978-a81c-0a11723a851d,bot,coordinated,click,90,643,1774697859664
7f00c834-d1f3-4978-a81c-0a11723a851d,bot,coordinated,scroll,298.3999938964844,,1774697859666
a77e1e7d-9b64-45d4-8c57-da2a1dbd74ae,bot,coordinated,mousemove,90,643,1774697859825
a77e1e7d-9b64-45d4-8c57-da2a1dbd74ae,bot,coordinated,click,90,643,1774697859826
a77e1e7d-9b64-45d4-8c57-da2a1dbd74ae,bot,coordinated,scroll,298.3999938964844,,1774697859828
fc1551f6-ef6e-496d-b06e-4b71d16b3733,bot,coordinated,mousemove,90,643,1774697859887
fc1551f6-ef6e-496d-b06e-4b71d16b3733,bot,coordinated,click,90,643,1774697859889
fc1551f6-ef6e-496d-b06e-4b71d16b3733,bot,coordinated,scroll,298.3999938964844,,1774697859891
7f00c834-d1f3-4978-a81c-0a11723a851d,bot,coordinated,mousemove,436,358,1774697860374
7f00c834-d1f3-4978-a81c-0a11723a851d,bot,coordinated,click,436,358,1774697860374
a77e1e7d-9b64-45d4-8c57-da2a1dbd74ae,bot,coordinated,mousemove,436,358,1774697860613
a77e1e7d-9b64-45d4-8c57-da2a1dbd74ae,bot,coordinated,click,436,358,1774697860614
fc1551f6-ef6e-496d-b06e-4b71d16b3733,bot,coordinated,mousemove,436,358,1774697860669
fc1551f6-ef6e-496d-b06e-4b71d16b3733,bot,coordinated,click,436,358,1774697860669
7f00c834-d1f3-4978-a81c-0a11723a851d,bot,coordinated,focus_change,,,1774697860714
7f00c834-d1f3-4978-a81c-0a11723a851d,bot,coordinated,page_screen_change,,,1774697860752
a77e1e7d-9b64-45d4-8c57-da2a1dbd74ae,bot,coordinated,focus_change,,,1774697860963
a77e1e7d-9b64-45d4-8c57-da2a1dbd74ae,bot,coordinated,page_screen_change,,,1774697860984
fc1551f6-ef6e-496d-b06e-4b71d16b3733,bot,coordinated,focus_change,,,1774697861039
fc1551f6-ef6e-496d-b06e-4b71d16b3733,bot,coordinated,page_screen_change,,,1774697861069
7f00c834-d1f3-4978-a81c-0a11723a851d,bot,coordinated,keydown,,,1774697861430
7f00c834-d1f3-4978-a81c-0a11723a851d,bot,coordinated,keydown,,,1774697861434
7f00c834-d1f3-4978-a81c-0a11723a851d,bot,coordinated,keydown,,,1774697861435
7f00c834-d1f3-4978-a81c-0a11723a851d,bot,coordinated,keydown,,,1774697861437
7f00c834-d1f3-4978-a81c-0a11723a851d,bot,coordinated,keydown,,,1774697861438
7f00c834-d1f3-4978-a81c-0a11723a851d,bot,coordinated,keydown,,,1774697861439
7f00c834-d1f3-4978-a81c-0a11723a851d,bot,coordinated,keydown,,,1774697861440
7f00c834-d1f3-4978-a81c-0a11723a851d,bot,coordinated,keydown,,,1774697861441
7f00c834-d1f3-4978-a81c-0a11723a851d,bot,coordinated,keydown,,,1774697861443
7f00c834-d1f3-4978-a81c-0a11723a851d,bot,coordinated,keydown,,,1774697861444
7f00c834-d1f3-4978-a81c-0a11723a851d,bot,coordinated,keydown,,,1774697861446
7f00c834-d1f3-4978-a81c-0a11723a851d,bot,coordinated,keydown,,,1774697861446
7f00c834-d1f3-4978-a81c-0a11723a851d,bot,coordinated,keydown,,,1774697861449
7f00c834-d1f3-4978-a81c-0a11723a851d,bot,coordinated,scroll,389.6000061035156,,1774697861543
7f00c834-d1f3-4978-a81c-0a11723a851d,bot,coordinated,keydown,,,1774697861551
7f00c834-d1f3-4978-a81c-0a11723a851d,bot,coordinated,keydown,,,1774697861552
7f00c834-d1f3-4978-a81c-0a11723a851d,bot,coordinated,keydown,,,1774697861555
7f00c834-d1f3-4978-a81c-0a11723a851d,bot,coordinated,keydown,,,1774697861559
7f00c834-d1f3-4978-a81c-0a11723a851d,bot,coordinated,keydown,,,1774697861560
7f00c834-d1f3-4978-a81c-0a11723a851d,bot,coordinated,keydown,,,1774697861562
7f00c834-d1f3-4978-a81c-0a11723a851d,bot,coordinated,keydown,,,1774697861564
7f00c834-d1f3-4978-a81c-0a11723a851d,bot,coordinated,keydown,,,1774697861565
7f00c834-d1f3-4978-a81c-0a11723a851d,bot,coordinated,keydown,,,1774697861567
7f00c834-d1f3-4978-a81c-0a11723a851d,bot,coordinated,keydown,,,1774697861569
7f00c834-d1f3-4978-a81c-0a11723a851d,bot,coordinated,keydown,,,1774697861572
7f00c834-d1f3-4978-a81c-0a11723a851d,bot,coordinated,keydown,,,1774697861573
7f00c834-d1f3-4978-a81c-0a11723a851d,bot,coordinated,keydown,,,1774697861574
7f00c834-d1f3-4978-a81c-0a11723a851d,bot,coordinated,keydown,,,1774697861576
7f00c834-d1f3-4978-a81c-0a11723a851d,bot,coordinated,keydown,,,1774697861577
7f00c834-d1f3-4978-a81c-0a11723a851d,bot,coordinated,keydown,,,1774697861578
7f00c834-d1f3-4978-a81c-0a11723a851d,bot,coordinated,keydown,,,1774697861581
7f00c834-d1f3-4978-a81c-0a11723a851d,bot,coordinated,keydown,,,1774697861582
7f00c834-d1f3-4978-a81c-0a11723a851d,bot,coordinated,keydown,,,1774697861584
7f00c834-d1f3-4978-a81c-0a11723a851d,bot,coordinated,keydown,,,1774697861585
7f00c834-d1f3-4978-a81c-0a11723a851d,bot,coordinated,keydown,,,1774697861586
7f00c834-d1f3-4978-a81c-0a11723a851d,bot,coordinated,keydown,,,1774697861588
7f00c834-d1f3-4978-a81c-0a11723a851d,bot,coordinated,keydown,,,1774697861591
7f00c834-d1f3-4978-a81c-0a11723a851d,bot,coordinated,keydown,,,1774697861593
7f00c834-d1f3-4978-a81c-0a11723a851d,bot,coordinated,keydown,,,1774697861691
7f00c834-d1f3-4978-a81c-0a11723a851d,bot,coordinated,keydown,,,1774697861692
7f00c834-d1f3-4978-a81c-0a11723a851d,bot,coordinated,keydown,,,1774697861693
a77e1e7d-9b64-45d4-8c57-da2a1dbd74ae,bot,coordinated,keydown,,,1774697861700
a77e1e7d-9b64-45d4-8c57-da2a1dbd74ae,bot,coordinated,keydown,,,1774697861703
7f00c834-d1f3-4978-a81c-0a11723a851d,bot,coordinated,keydown,,,1774697861695
a77e1e7d-9b64-45d4-8c57-da2a1dbd74ae,bot,coordinated,keydown,,,1774697861707
7f00c834-d1f3-4978-a81c-0a11723a851d,bot,coordinated,keydown,,,1774697861697
7f00c834-d1f3-4978-a81c-0a11723a851d,bot,coordinated,keydown,,,1774697861699
a77e1e7d-9b64-45d4-8c57-da2a1dbd74ae,bot,coordinated,keydown,,,1774697861710
a77e1e7d-9b64-45d4-8c57-da2a1dbd74ae,bot,coordinated,keydown,,,1774697861711
a77e1e7d-9b64-45d4-8c57-da2a1dbd74ae,bot,coordinated,keydown,,,1774697861713
7f00c834-d1f3-4978-a81c-0a11723a851d,bot,coordinated,keydown,,,1774697861704
7f00c834-d1f3-4978-a81c-0a11723a851d,bot,coordinated,keydown,,,1774697861708
7f00c834-d1f3-4978-a81c-0a11723a851d,bot,coordinated,keydown,,,1774697861713
a77e1e7d-9b64-45d4-8c57-da2a1dbd74ae,bot,coordinated,keydown,,,1774697861714
a77e1e7d-9b64-45d4-8c57-da2a1dbd74ae,bot,coordinated,keydown,,,1774697861716
7f00c834-d1f3-4978-a81c-0a11723a851d,bot,coordinated,keydown,,,1774697861719
a77e1e7d-9b64-45d4-8c57-da2a1dbd74ae,bot,coordinated,keydown,,,1774697861720
7f00c834-d1f3-4978-a81c-0a11723a851d,bot,coordinated,keydown,,,1774697861725
7f00c834-d1f3-4978-a81c-0a11723a851d,bot,coordinated,keydown,,,1774697861729
a77e1e7d-9b64-45d4-8c57-da2a1dbd74ae,bot,coordinated,keydown,,,1774697861725
a77e1e7d-9b64-45d4-8c57-da2a1dbd74ae,bot,coordinated,keydown,,,1774697861728
a77e1e7d-9b64-45d4-8c57-da2a1dbd74ae,bot,coordinated,keydown,,,1774697861727
7f00c834-d1f3-4978-a81c-0a11723a851d,bot,coordinated,keydown,,,1774697861734
7f00c834-d1f3-4978-a81c-0a11723a851d,bot,coordinated,keydown,,,1774697861738
7f00c834-d1f3-4978-a81c-0a11723a851d,bot,coordinated,keydown,,,1774697861740
a77e1e7d-9b64-45d4-8c57-da2a1dbd74ae,bot,coordinated,keydown,,,1774697861730
fc1551f6-ef6e-496d-b06e-4b71d16b3733,bot,coordinated,keydown,,,1774697861823
fc1551f6-ef6e-496d-b06e-4b71d16b3733,bot,coordinated,keydown,,,1774697861825
fc1551f6-ef6e-496d-b06e-4b71d16b3733,bot,coordinated,keydown,,,1774697861827
fc1551f6-ef6e-496d-b06e-4b71d16b3733,bot,coordinated,keydown,,,1774697861829
7f00c834-d1f3-4978-a81c-0a11723a851d,bot,coordinated,keydown,,,1774697861742
fc1551f6-ef6e-496d-b06e-4b71d16b3733,bot,coordinated,keydown,,,1774697861830
fc1551f6-ef6e-496d-b06e-4b71d16b3733,bot,coordinated,keydown,,,1774697861832
7f00c834-d1f3-4978-a81c-0a11723a851d,bot,coordinated,keydown,,,1774697861743
7f00c834-d1f3-4978-a81c-0a11723a851d,bot,coordinated,keydown,,,1774697861745
a77e1e7d-9b64-45d4-8c57-da2a1dbd74ae,bot,coordinated,scroll,389.6000061035156,,1774697861858
a77e1e7d-9b64-45d4-8c57-da2a1dbd74ae,bot,coordinated,keydown,,,1774697861869
a77e1e7d-9b64-45d4-8c57-da2a1dbd74ae,bot,coordinated,keydown,,,1774697861871
7f00c834-d1f3-4978-a81c-0a11723a851d,bot,coordinated,keydown,,,1774697861746
a77e1e7d-9b64-45d4-8c57-da2a1dbd74ae,bot,coordinated,keydown,,,1774697861880
a77e1e7d-9b64-45d4-8c57-da2a1dbd74ae,bot,coordinated,keydown,,,1774697861883
7f00c834-d1f3-4978-a81c-0a11723a851d,bot,coordinated,keydown,,,1774697861752
a77e1e7d-9b64-45d4-8c57-da2a1dbd74ae,bot,coordinated,keydown,,,1774697861886
7f00c834-d1f3-4978-a81c-0a11723a851d,bot,coordinated,keydown,,,1774697861753
fc1551f6-ef6e-496d-b06e-4b71d16b3733,bot,coordinated,keydown,,,1774697861834
fc1551f6-ef6e-496d-b06e-4b71d16b3733,bot,coordinated,keydown,,,1774697861835
fc1551f6-ef6e-496d-b06e-4b71d16b3733,bot,coordinated,keydown,,,1774697861837
fc1551f6-ef6e-496d-b06e-4b71d16b3733,bot,coordinated,keydown,,,1774697861838
7f00c834-d1f3-4978-a81c-0a11723a851d,bot,coordinated,keydown,,,1774697861755
fc1551f6-ef6e-496d-b06e-4b71d16b3733,bot,coordinated,keydown,,,1774697861841
fc1551f6-ef6e-496d-b06e-4b71d16b3733,bot,coordinated,keydown,,,1774697861841
a77e1e7d-9b64-45d4-8c57-da2a1dbd74ae,bot,coordinated,keydown,,,1774697861889
7f00c834-d1f3-4978-a81c-0a11723a851d,bot,coordinated,keydown,,,1774697861756
7f00c834-d1f3-4978-a81c-0a11723a851d,bot,coordinated,keydown,,,1774697861757
a77e1e7d-9b64-45d4-8c57-da2a1dbd74ae,bot,coordinated,keydown,,,1774697861891
a77e1e7d-9b64-45d4-8c57-da2a1dbd74ae,bot,coordinated,keydown,,,1774697861893
7f00c834-d1f3-4978-a81c-0a11723a851d,bot,coordinated,keydown,,,1774697861760
a77e1e7d-9b64-45d4-8c57-da2a1dbd74ae,bot,coordinated,keydown,,,1774697861894
a77e1e7d-9b64-45d4-8c57-da2a1dbd74ae,bot,coordinated,keydown,,,1774697861896
7f00c834-d1f3-4978-a81c-0a11723a851d,bot,coordinated,keydown,,,1774697861761
a77e1e7d-9b64-45d4-8c57-da2a1dbd74ae,bot,coordinated,keydown,,,1774697861898
7f00c834-d1f3-4978-a81c-0a11723a851d,bot,coordinated,keydown,,,1774697861763
fc1551f6-ef6e-496d-b06e-4b71d16b3733,bot,coordinated,keydown,,,1774697861844
fc1551f6-ef6e-496d-b06e-4b71d16b3733,bot,coordinated,scroll,389.6000061035156,,1774697862018
fc1551f6-ef6e-496d-b06e-4b71d16b3733,bot,coordinated,keydown,,,1774697862025
fc1551f6-ef6e-496d-b06e-4b71d16b3733,bot,coordinated,keydown,,,1774697862027
7f00c834-d1f3-4978-a81c-0a11723a851d,bot,coordinated,keydown,,,1774697861764
fc1551f6-ef6e-496d-b06e-4b71d16b3733,bot,coordinated,keydown,,,1774697862030
fc1551f6-ef6e-496d-b06e-4b71d16b3733,bot,coordinated,keydown,,,1774697862032
7f00c834-d1f3-4978-a81c-0a11723a851d,bot,coordinated,keydown,,,1774697861769
a77e1e7d-9b64-45d4-8c57-da2a1dbd74ae,bot,coordinated,keydown,,,1774697861901
7f00c834-d1f3-4978-a81c-0a11723a851d,bot,coordinated,keydown,,,1774697861770
a77e1e7d-9b64-45d4-8c57-da2a1dbd74ae,bot,coordinated,keydown,,,1774697861903
a77e1e7d-9b64-45d4-8c57-da2a1dbd74ae,bot,coordinated,keydown,,,1774697861907
7f00c834-d1f3-4978-a81c-0a11723a851d,bot,coordinated,keydown,,,1774697861772
a77e1e7d-9b64-45d4-8c57-da2a1dbd74ae,bot,coordinated,keydown,,,1774697861908
a77e1e7d-9b64-45d4-8c57-da2a1dbd74ae,bot,coordinated,keydown,,,1774697861910
7f00c834-d1f3-4978-a81c-0a11723a851d,bot,coordinated,keydown,,,1774697861773
a77e1e7d-9b64-45d4-8c57-da2a1dbd74ae,bot,coordinated,keydown,,,1774697861911
fc1551f6-ef6e-496d-b06e-4b71d16b3733,bot,coordinated,keydown,,,1774697862035
fc1551f6-ef6e-496d-b06e-4b71d16b3733,bot,coordinated,keydown,,,1774697862037
fc1551f6-ef6e-496d-b06e-4b71d16b3733,bot,coordinated,keydown,,,1774697862038
fc1551f6-ef6e-496d-b06e-4b71d16b3733,bot,coordinated,keydown,,,1774697862041
fc1551f6-ef6e-496d-b06e-4b71d16b3733,bot,coordinated,keydown,,,1774697862043
fc1551f6-ef6e-496d-b06e-4b71d16b3733,bot,coordinated,keydown,,,1774697862044
a77e1e7d-9b64-45d4-8c57-da2a1dbd74ae,bot,coordinated,keydown,,,1774697861913
a77e1e7d-9b64-45d4-8c57-da2a1dbd74ae,bot,coordinated,keydown,,,1774697861914
a77e1e7d-9b64-45d4-8c57-da2a1dbd74ae,bot,coordinated,keydown,,,1774697861916
a77e1e7d-9b64-45d4-8c57-da2a1dbd74ae,bot,coordinated,keydown,,,1774697861919
a77e1e7d-9b64-45d4-8c57-da2a1dbd74ae,bot,coordinated,keydown,,,1774697861922
7f00c834-d1f3-4978-a81c-0a11723a851d,bot,coordinated,mousemove,264,575,1774697862231
7f00c834-d1f3-4978-a81c-0a11723a851d,bot,coordinated,click,264,575,1774697862233
7f00c834-d1f3-4978-a81c-0a11723a851d,bot,coordinated,page_screen_change,,,1774697862234
fc1551f6-ef6e-496d-b06e-4b71d16b3733,bot,coordinated,keydown,,,1774697862046
fc1551f6-ef6e-496d-b06e-4b71d16b3733,bot,coordinated,keydown,,,1774697862047
fc1551f6-ef6e-496d-b06e-4b71d16b3733,bot,coordinated,keydown,,,1774697862049
fc1551f6-ef6e-496d-b06e-4b71d16b3733,bot,coordinated,keydown,,,1774697862051
fc1551f6-ef6e-496d-b06e-4b71d16b3733,bot,coordinated,keydown,,,1774697862051
fc1551f6-ef6e-496d-b06e-4b71d16b3733,bot,coordinated,keydown,,,1774697862053
a77e1e7d-9b64-45d4-8c57-da2a1dbd74ae,bot,coordinated,keydown,,,1774697861927
a77e1e7d-9b64-45d4-8c57-da2a1dbd74ae,bot,coordinated,keydown,,,1774697862077
a77e1e7d-9b64-45d4-8c57-da2a1dbd74ae,bot,coordinated,keydown,,,1774697862078
a77e1e7d-9b64-45d4-8c57-da2a1dbd74ae,bot,coordinated,keydown,,,1774697862079
a77e1e7d-9b64-45d4-8c57-da2a1dbd74ae,bot,coordinated,keydown,,,1774697862081
a77e1e7d-9b64-45d4-8c57-da2a1dbd74ae,bot,coordinated,keydown,,,1774697862083
fc1551f6-ef6e-496d-b06e-4b71d16b3733,bot,coordinated,keydown,,,1774697862054
fc1551f6-ef6e-496d-b06e-4b71d16b3733,bot,coordinated,keydown,,,1774697862055
fc1551f6-ef6e-496d-b06e-4b71d16b3733,bot,coordinated,keydown,,,1774697862056
fc1551f6-ef6e-496d-b06e-4b71d16b3733,bot,coordinated,keydown,,,1774697862058
fc1551f6-ef6e-496d-b06e-4b71d16b3733,bot,coordinated,keydown,,,1774697862060
fc1551f6-ef6e-496d-b06e-4b71d16b3733,bot,coordinated,keydown,,,1774697862061
a77e1e7d-9b64-45d4-8c57-da2a1dbd74ae,bot,coordinated,keydown,,,1774697862085
a77e1e7d-9b64-45d4-8c57-da2a1dbd74ae,bot,coordinated,keydown,,,1774697862086
a77e1e7d-9b64-45d4-8c57-da2a1dbd74ae,bot,coordinated,keydown,,,1774697862091
a77e1e7d-9b64-45d4-8c57-da2a1dbd74ae,bot,coordinated,keydown,,,1774697862092
a77e1e7d-9b64-45d4-8c57-da2a1dbd74ae,bot,coordinated,keydown,,,1774697862093
fc1551f6-ef6e-496d-b06e-4b71d16b3733,bot,coordinated,keydown,,,1774697862063
a77e1e7d-9b64-45d4-8c57-da2a1dbd74ae,bot,coordinated,keydown,,,1774697862096
fc1551f6-ef6e-496d-b06e-4b71d16b3733,bot,coordinated,keydown,,,1774697862064
fc1551f6-ef6e-496d-b06e-4b71d16b3733,bot,coordinated,keydown,,,1774697862189
fc1551f6-ef6e-496d-b06e-4b71d16b3733,bot,coordinated,keydown,,,1774697862190
fc1551f6-ef6e-496d-b06e-4b71d16b3733,bot,coordinated,keydown,,,1774697862192
fc1551f6-ef6e-496d-b06e-4b71d16b3733,bot,coordinated,keydown,,,1774697862194
a77e1e7d-9b64-45d4-8c57-da2a1dbd74ae,bot,coordinated,keydown,,,1774697862097
a77e1e7d-9b64-45d4-8c57-da2a1dbd74ae,bot,coordinated,keydown,,,1774697862098
a77e1e7d-9b64-45d4-8c57-da2a1dbd74ae,bot,coordinated,keydown,,,1774697862100
a77e1e7d-9b64-45d4-8c57-da2a1dbd74ae,bot,coordinated,keydown,,,1774697862102
a77e1e7d-9b64-45d4-8c57-da2a1dbd74ae,bot,coordinated,keydown,,,1774697862104
fc1551f6-ef6e-496d-b06e-4b71d16b3733,bot,coordinated,keydown,,,1774697862195
a77e1e7d-9b64-45d4-8c57-da2a1dbd74ae,bot,coordinated,keydown,,,1774697862107
fc1551f6-ef6e-496d-b06e-4b71d16b3733,bot,coordinated,keydown,,,1774697862197
fc1551f6-ef6e-496d-b06e-4b71d16b3733,bot,coordinated,keydown,,,1774697862198
fc1551f6-ef6e-496d-b06e-4b71d16b3733,bot,coordinated,keydown,,,1774697862199
fc1551f6-ef6e-496d-b06e-4b71d16b3733,bot,coordinated,keydown,,,1774697862201
fc1551f6-ef6e-496d-b06e-4b71d16b3733,bot,coordinated,keydown,,,1774697862203
a77e1e7d-9b64-45d4-8c57-da2a1dbd74ae,bot,coordinated,keydown,,,1774697862108
a77e1e7d-9b64-45d4-8c57-da2a1dbd74ae,bot,coordinated,keydown,,,1774697862109
a77e1e7d-9b64-45d4-8c57-da2a1dbd74ae,bot,coordinated,keydown,,,1774697862111
a77e1e7d-9b64-45d4-8c57-da2a1dbd74ae,bot,coordinated,keydown,,,1774697862112
a77e1e7d-9b64-45d4-8c57-da2a1dbd74ae,bot,coordinated,keydown,,,1774697862114
fc1551f6-ef6e-496d-b06e-4b71d16b3733,bot,coordinated,keydown,,,1774697862204
a77e1e7d-9b64-45d4-8c57-da2a1dbd74ae,bot,coordinated,keydown,,,1774697862116
fc1551f6-ef6e-496d-b06e-4b71d16b3733,bot,coordinated,keydown,,,1774697862206
fc1551f6-ef6e-496d-b06e-4b71d16b3733,bot,coordinated,keydown,,,1774697862208
fc1551f6-ef6e-496d-b06e-4b71d16b3733,bot,coordinated,keydown,,,1774697862210
fc1551f6-ef6e-496d-b06e-4b71d16b3733,bot,coordinated,keydown,,,1774697862211
fc1551f6-ef6e-496d-b06e-4b71d16b3733,bot,coordinated,keydown,,,1774697862213
a77e1e7d-9b64-45d4-8c57-da2a1dbd74ae,bot,coordinated,keydown,,,1774697862117
a77e1e7d-9b64-45d4-8c57-da2a1dbd74ae,bot,coordinated,keydown,,,1774697862119
a77e1e7d-9b64-45d4-8c57-da2a1dbd74ae,bot,coordinated,keydown,,,1774697862120
a77e1e7d-9b64-45d4-8c57-da2a1dbd74ae,bot,coordinated,keydown,,,1774697862122
a77e1e7d-9b64-45d4-8c57-da2a1dbd74ae,bot,coordinated,keydown,,,1774697862124
fc1551f6-ef6e-496d-b06e-4b71d16b3733,bot,coordinated,keydown,,,1774697862214
fc1551f6-ef6e-496d-b06e-4b71d16b3733,bot,coordinated,keydown,,,1774697862216
a77e1e7d-9b64-45d4-8c57-da2a1dbd74ae,bot,coordinated,keydown,,,1774697862126
fc1551f6-ef6e-496d-b06e-4b71d16b3733,bot,coordinated,keydown,,,1774697862218
fc1551f6-ef6e-496d-b06e-4b71d16b3733,bot,coordinated,keydown,,,1774697862219
fc1551f6-ef6e-496d-b06e-4b71d16b3733,bot,coordinated,keydown,,,1774697862221
fc1551f6-ef6e-496d-b06e-4b71d16b3733,bot,coordinated,keydown,,,1774697862224
a77e1e7d-9b64-45d4-8c57-da2a1dbd74ae,bot,coordinated,keydown,,,1774697862128
a77e1e7d-9b64-45d4-8c57-da2a1dbd74ae,bot,coordinated,keydown,,,1774697862130
a77e1e7d-9b64-45d4-8c57-da2a1dbd74ae,bot,coordinated,keydown,,,1774697862133
a77e1e7d-9b64-45d4-8c57-da2a1dbd74ae,bot,coordinated,mousemove,264,575,1774697862547
a77e1e7d-9b64-45d4-8c57-da2a1dbd74ae,bot,coordinated,click,264,575,1774697862549
fc1551f6-ef6e-496d-b06e-4b71d16b3733,bot,coordinated,keydown,,,1774697862225
fc1551f6-ef6e-496d-b06e-4b71d16b3733,bot,coordinated,keydown,,,1774697862227
a77e1e7d-9b64-45d4-8c57-da2a1dbd74ae,bot,coordinated,page_screen_change,,,1774697862550
fc1551f6-ef6e-496d-b06e-4b71d16b3733,bot,coordinated,keydown,,,1774697862229
fc1551f6-ef6e-496d-b06e-4b71d16b3733,bot,coordinated,keydown,,,1774697862230
fc1551f6-ef6e-496d-b06e-4b71d16b3733,bot,coordinated,keydown,,,1774697862233
fc1551f6-ef6e-496d-b06e-4b71d16b3733,bot,coordinated,keydown,,,1774697862235
fc1551f6-ef6e-496d-b06e-4b71d16b3733,bot,coordinated,keydown,,,1774697862237
fc1551f6-ef6e-496d-b06e-4b71d16b3733,bot,coordinated,keydown,,,1774697862238
fc1551f6-ef6e-496d-b06e-4b71d16b3733,bot,coordinated,keydown,,,1774697862240
fc1551f6-ef6e-496d-b06e-4b71d16b3733,bot,coordinated,keydown,,,1774697862242
fc1551f6-ef6e-496d-b06e-4b71d16b3733,bot,coordinated,mousemove,264,575,1774697862646
fc1551f6-ef6e-496d-b06e-4b71d16b3733,bot,coordinated,click,264,575,1774697862647
fc1551f6-ef6e-496d-b06e-4b71d16b3733,bot,coordinated,page_screen_change,,,1774697862648
75b456da-80e3-4b65-852b-b7ae3f44c685,human,none,page_screen_change,,,1774697878845
75b456da-80e3-4b65-852b-b7ae3f44c685,human,none,mousemove,1531,110,1774697878908
75b456da-80e3-4b65-852b-b7ae3f44c685,human,none,mousemove,1053,278,1774697879115
75b456da-80e3-4b65-852b-b7ae3f44c685,human,none,mousemove,766,337,1774697879332
75b456da-80e3-4b65-852b-b7ae3f44c685,human,none,mousemove,705,348,1774697879558
75b456da-80e3-4b65-852b-b7ae3f44c685,human,none,click,704,348,1774697879859
75b456da-80e3-4b65-852b-b7ae3f44c685,human,none,focus_change,,,1774697879939
f9a001c7-5c0e-45c4-b881-58940775466b,human,none,page_screen_change,,,1774697880086
f9a001c7-5c0e-45c4-b881-58940775466b,human,none,mousemove,699,353,1774697880558
f9a001c7-5c0e-45c4-b881-58940775466b,human,none,mousemove,693,349,1774697880765
f9a001c7-5c0e-45c4-b881-58940775466b,human,none,mousemove,687,342,1774697880988
f9a001c7-5c0e-45c4-b881-58940775466b,human,none,mousemove,681,342,1774697881245
f9a001c7-5c0e-45c4-b881-58940775466b,human,none,mousemove,677,343,1774697881463
f9a001c7-5c0e-45c4-b881-58940775466b,human,none,click,676,344,1774697881652
b074b51b-079b-40de-ba20-511af247404a,human,none,page_screen_change,,,1774697881773
b074b51b-079b-40de-ba20-511af247404a,human,none,mousemove,677,345,1774697882623
b074b51b-079b-40de-ba20-511af247404a,human,none,mousemove,984,322,1774697882828
b074b51b-079b-40de-ba20-511af247404a,human,none,mousemove,1077,300,1774697883035
b074b51b-079b-40de-ba20-511af247404a,human,none,mousemove,1064,283,1774697883244
b074b51b-079b-40de-ba20-511af247404a,human,none,mousemove,1056,279,1774697883475
b074b51b-079b-40de-ba20-511af247404a,human,none,click,1052,278,1774697883883
b074b51b-079b-40de-ba20-511af247404a,human,none,focus_change,,,1774697883928
614258b2-840e-4acb-b3d3-b415d6de2ed4,bot,fast,page_screen_change,,,1774698303257
614258b2-840e-4acb-b3d3-b415d6de2ed4,bot,fast,focus_change,,,1774698304094
614258b2-840e-4acb-b3d3-b415d6de2ed4,bot,fast,page_screen_change,,,1774698304139
614258b2-840e-4acb-b3d3-b415d6de2ed4,bot,fast,keydown,,,1774698304726
614258b2-840e-4acb-b3d3-b415d6de2ed4,bot,fast,keydown,,,1774698304732
614258b2-840e-4acb-b3d3-b415d6de2ed4,bot,fast,keydown,,,1774698304736
614258b2-840e-4acb-b3d3-b415d6de2ed4,bot,fast,keydown,,,1774698304739
614258b2-840e-4acb-b3d3-b415d6de2ed4,bot,fast,keydown,,,1774698304742
614258b2-840e-4acb-b3d3-b415d6de2ed4,bot,fast,keydown,,,1774698304744
614258b2-840e-4acb-b3d3-b415d6de2ed4,bot,fast,keydown,,,1774698304746
614258b2-840e-4acb-b3d3-b415d6de2ed4,bot,fast,keydown,,,1774698304749
614258b2-840e-4acb-b3d3-b415d6de2ed4,bot,fast,keydown,,,1774698304751
614258b2-840e-4acb-b3d3-b415d6de2ed4,bot,fast,keydown,,,1774698304754
614258b2-840e-4acb-b3d3-b415d6de2ed4,bot,fast,keydown,,,1774698304756
614258b2-840e-4acb-b3d3-b415d6de2ed4,bot,fast,keydown,,,1774698304758
614258b2-840e-4acb-b3d3-b415d6de2ed4,bot,fast,keydown,,,1774698304760
614258b2-840e-4acb-b3d3-b415d6de2ed4,bot,fast,keydown,,,1774698304762
614258b2-840e-4acb-b3d3-b415d6de2ed4,bot,fast,keydown,,,1774698304764
614258b2-840e-4acb-b3d3-b415d6de2ed4,bot,fast,keydown,,,1774698304766
614258b2-840e-4acb-b3d3-b415d6de2ed4,bot,fast,keydown,,,1774698304770
614258b2-840e-4acb-b3d3-b415d6de2ed4,bot,fast,keydown,,,1774698304773
614258b2-840e-4acb-b3d3-b415d6de2ed4,bot,fast,keydown,,,1774698304774
614258b2-840e-4acb-b3d3-b415d6de2ed4,bot,fast,keydown,,,1774698304776
614258b2-840e-4acb-b3d3-b415d6de2ed4,bot,fast,scroll,46.400001525878906,,1774698304857
614258b2-840e-4acb-b3d3-b415d6de2ed4,bot,fast,keydown,,,1774698304865
614258b2-840e-4acb-b3d3-b415d6de2ed4,bot,fast,keydown,,,1774698304870
614258b2-840e-4acb-b3d3-b415d6de2ed4,bot,fast,keydown,,,1774698304872
614258b2-840e-4acb-b3d3-b415d6de2ed4,bot,fast,keydown,,,1774698304874
614258b2-840e-4acb-b3d3-b415d6de2ed4,bot,fast,keydown,,,1774698304875
614258b2-840e-4acb-b3d3-b415d6de2ed4,bot,fast,keydown,,,1774698304876
614258b2-840e-4acb-b3d3-b415d6de2ed4,bot,fast,keydown,,,1774698304878
614258b2-840e-4acb-b3d3-b415d6de2ed4,bot,fast,keydown,,,1774698304879
614258b2-840e-4acb-b3d3-b415d6de2ed4,bot,fast,keydown,,,1774698304880
614258b2-840e-4acb-b3d3-b415d6de2ed4,bot,fast,keydown,,,1774698304883
614258b2-840e-4acb-b3d3-b415d6de2ed4,bot,fast,keydown,,,1774698304885
614258b2-840e-4acb-b3d3-b415d6de2ed4,bot,fast,scroll,78.4000015258789,,1774698304935
614258b2-840e-4acb-b3d3-b415d6de2ed4,bot,fast,mousemove,59,644,1774698304966
614258b2-840e-4acb-b3d3-b415d6de2ed4,bot,fast,click,59,644,1774698304967
614258b2-840e-4acb-b3d3-b415d6de2ed4,bot,fast,scroll,145.60000610351562,,1774698305020
614258b2-840e-4acb-b3d3-b415d6de2ed4,bot,fast,click,264,626,1774698305055
614258b2-840e-4acb-b3d3-b415d6de2ed4,bot,fast,page_screen_change,,,1774698305057
614258b2-840e-4acb-b3d3-b415d6de2ed4,bot,fast,focus_change,,,1774698305093
614258b2-840e-4acb-b3d3-b415d6de2ed4,bot,fast,page_screen_change,,,1774698305126
614258b2-840e-4acb-b3d3-b415d6de2ed4,bot,fast,keydown,,,1774698305754
614258b2-840e-4acb-b3d3-b415d6de2ed4,bot,fast,keydown,,,1774698305759
614258b2-840e-4acb-b3d3-b415d6de2ed4,bot,fast,keydown,,,1774698305761
614258b2-840e-4acb-b3d3-b415d6de2ed4,bot,fast,keydown,,,1774698305763
614258b2-840e-4acb-b3d3-b415d6de2ed4,bot,fast,keydown,,,1774698305765
614258b2-840e-4acb-b3d3-b415d6de2ed4,bot,fast,keydown,,,1774698305770
614258b2-840e-4acb-b3d3-b415d6de2ed4,bot,fast,keydown,,,1774698305766
614258b2-840e-4acb-b3d3-b415d6de2ed4,bot,fast,keydown,,,1774698305771
614258b2-840e-4acb-b3d3-b415d6de2ed4,bot,fast,keydown,,,1774698305775
614258b2-840e-4acb-b3d3-b415d6de2ed4,bot,fast,keydown,,,1774698305778
614258b2-840e-4acb-b3d3-b415d6de2ed4,bot,fast,keydown,,,1774698305781
614258b2-840e-4acb-b3d3-b415d6de2ed4,bot,fast,keydown,,,1774698305783
614258b2-840e-4acb-b3d3-b415d6de2ed4,bot,fast,keydown,,,1774698305785
614258b2-840e-4acb-b3d3-b415d6de2ed4,bot,fast,keydown,,,1774698305788
614258b2-840e-4acb-b3d3-b415d6de2ed4,bot,fast,keydown,,,1774698305790
614258b2-840e-4acb-b3d3-b415d6de2ed4,bot,fast,keydown,,,1774698305791
614258b2-840e-4acb-b3d3-b415d6de2ed4,bot,fast,keydown,,,1774698305793
614258b2-840e-4acb-b3d3-b415d6de2ed4,bot,fast,keydown,,,1774698305795
614258b2-840e-4acb-b3d3-b415d6de2ed4,bot,fast,keydown,,,1774698305797
614258b2-840e-4acb-b3d3-b415d6de2ed4,bot,fast,keydown,,,1774698305799
614258b2-840e-4acb-b3d3-b415d6de2ed4,bot,fast,keydown,,,1774698305802
614258b2-840e-4acb-b3d3-b415d6de2ed4,bot,fast,mousemove,264,644,1774698305963
614258b2-840e-4acb-b3d3-b415d6de2ed4,bot,fast,click,264,644,1774698305964
614258b2-840e-4acb-b3d3-b415d6de2ed4,bot,fast,scroll,121.5999984741211,,1774698306019
614258b2-840e-4acb-b3d3-b415d6de2ed4,bot,fast,click,264,608,1774698306103
614258b2-840e-4acb-b3d3-b415d6de2ed4,bot,fast,scroll,271.20001220703125,,1774698306106
614258b2-840e-4acb-b3d3-b415d6de2ed4,bot,fast,mousemove,264,556,1774698306294
614258b2-840e-4acb-b3d3-b415d6de2ed4,bot,fast,click,264,556,1774698306295
614258b2-840e-4acb-b3d3-b415d6de2ed4,bot,fast,focus_change,,,1774698306367
614258b2-840e-4acb-b3d3-b415d6de2ed4,bot,fast,page_screen_change,,,1774698306406
614258b2-840e-4acb-b3d3-b415d6de2ed4,bot,fast,mousemove,90,643,1774698307049
614258b2-840e-4acb-b3d3-b415d6de2ed4,bot,fast,click,90,643,1774698307051
614258b2-840e-4acb-b3d3-b415d6de2ed4,bot,fast,scroll,298.3999938964844,,1774698307054
614258b2-840e-4acb-b3d3-b415d6de2ed4,bot,fast,click,436,358,1774698307246
614258b2-840e-4acb-b3d3-b415d6de2ed4,bot,fast,mousemove,787,372,1774698307438
614258b2-840e-4acb-b3d3-b415d6de2ed4,bot,fast,click,787,372,1774698307440
614258b2-840e-4acb-b3d3-b415d6de2ed4,bot,fast,focus_change,,,1774698307623
614258b2-840e-4acb-b3d3-b415d6de2ed4,bot,fast,page_screen_change,,,1774698307683
614258b2-840e-4acb-b3d3-b415d6de2ed4,bot,fast,keydown,,,1774698308244
614258b2-840e-4acb-b3d3-b415d6de2ed4,bot,fast,keydown,,,1774698308248
614258b2-840e-4acb-b3d3-b415d6de2ed4,bot,fast,keydown,,,1774698308253
614258b2-840e-4acb-b3d3-b415d6de2ed4,bot,fast,keydown,,,1774698308258
614258b2-840e-4acb-b3d3-b415d6de2ed4,bot,fast,keydown,,,1774698308261
614258b2-840e-4acb-b3d3-b415d6de2ed4,bot,fast,keydown,,,1774698308266
614258b2-840e-4acb-b3d3-b415d6de2ed4,bot,fast,keydown,,,1774698308269
614258b2-840e-4acb-b3d3-b415d6de2ed4,bot,fast,keydown,,,1774698308270
614258b2-840e-4acb-b3d3-b415d6de2ed4,bot,fast,keydown,,,1774698308279
614258b2-840e-4acb-b3d3-b415d6de2ed4,bot,fast,keydown,,,1774698308273
614258b2-840e-4acb-b3d3-b415d6de2ed4,bot,fast,scroll,389.6000061035156,,1774698308417
614258b2-840e-4acb-b3d3-b415d6de2ed4,bot,fast,keydown,,,1774698308426
614258b2-840e-4acb-b3d3-b415d6de2ed4,bot,fast,keydown,,,1774698308427
614258b2-840e-4acb-b3d3-b415d6de2ed4,bot,fast,keydown,,,1774698308430
614258b2-840e-4acb-b3d3-b415d6de2ed4,bot,fast,keydown,,,1774698308432
614258b2-840e-4acb-b3d3-b415d6de2ed4,bot,fast,keydown,,,1774698308434
614258b2-840e-4acb-b3d3-b415d6de2ed4,bot,fast,keydown,,,1774698308436
614258b2-840e-4acb-b3d3-b415d6de2ed4,bot,fast,keydown,,,1774698308441
614258b2-840e-4acb-b3d3-b415d6de2ed4,bot,fast,keydown,,,1774698308446
614258b2-840e-4acb-b3d3-b415d6de2ed4,bot,fast,keydown,,,1774698308449
614258b2-840e-4acb-b3d3-b415d6de2ed4,bot,fast,keydown,,,1774698308452
614258b2-840e-4acb-b3d3-b415d6de2ed4,bot,fast,keydown,,,1774698308456
614258b2-840e-4acb-b3d3-b415d6de2ed4,bot,fast,keydown,,,1774698308458
614258b2-840e-4acb-b3d3-b415d6de2ed4,bot,fast,keydown,,,1774698308464
614258b2-840e-4acb-b3d3-b415d6de2ed4,bot,fast,keydown,,,1774698308461
614258b2-840e-4acb-b3d3-b415d6de2ed4,bot,fast,keydown,,,1774698308471
614258b2-840e-4acb-b3d3-b415d6de2ed4,bot,fast,keydown,,,1774698308473
614258b2-840e-4acb-b3d3-b415d6de2ed4,bot,fast,keydown,,,1774698308642
614258b2-840e-4acb-b3d3-b415d6de2ed4,bot,fast,keydown,,,1774698308642
614258b2-840e-4acb-b3d3-b415d6de2ed4,bot,fast,keydown,,,1774698308645
614258b2-840e-4acb-b3d3-b415d6de2ed4,bot,fast,keydown,,,1774698308648
614258b2-840e-4acb-b3d3-b415d6de2ed4,bot,fast,keydown,,,1774698308650
614258b2-840e-4acb-b3d3-b415d6de2ed4,bot,fast,keydown,,,1774698308652
614258b2-840e-4acb-b3d3-b415d6de2ed4,bot,fast,keydown,,,1774698308653
614258b2-840e-4acb-b3d3-b415d6de2ed4,bot,fast,keydown,,,1774698308655
614258b2-840e-4acb-b3d3-b415d6de2ed4,bot,fast,keydown,,,1774698308657
614258b2-840e-4acb-b3d3-b415d6de2ed4,bot,fast,keydown,,,1774698308658
614258b2-840e-4acb-b3d3-b415d6de2ed4,bot,fast,keydown,,,1774698308659
614258b2-840e-4acb-b3d3-b415d6de2ed4,bot,fast,keydown,,,1774698308663
614258b2-840e-4acb-b3d3-b415d6de2ed4,bot,fast,keydown,,,1774698308666
614258b2-840e-4acb-b3d3-b415d6de2ed4,bot,fast,keydown,,,1774698308669
614258b2-840e-4acb-b3d3-b415d6de2ed4,bot,fast,keydown,,,1774698308671
614258b2-840e-4acb-b3d3-b415d6de2ed4,bot,fast,keydown,,,1774698308673
614258b2-840e-4acb-b3d3-b415d6de2ed4,bot,fast,keydown,,,1774698308675
614258b2-840e-4acb-b3d3-b415d6de2ed4,bot,fast,keydown,,,1774698308676
614258b2-840e-4acb-b3d3-b415d6de2ed4,bot,fast,keydown,,,1774698308677
614258b2-840e-4acb-b3d3-b415d6de2ed4,bot,fast,keydown,,,1774698308679
614258b2-840e-4acb-b3d3-b415d6de2ed4,bot,fast,keydown,,,1774698308681
614258b2-840e-4acb-b3d3-b415d6de2ed4,bot,fast,keydown,,,1774698308684
614258b2-840e-4acb-b3d3-b415d6de2ed4,bot,fast,keydown,,,1774698308685
614258b2-840e-4acb-b3d3-b415d6de2ed4,bot,fast,keydown,,,1774698308687
614258b2-840e-4acb-b3d3-b415d6de2ed4,bot,fast,keydown,,,1774698308688
614258b2-840e-4acb-b3d3-b415d6de2ed4,bot,fast,keydown,,,1774698308690
614258b2-840e-4acb-b3d3-b415d6de2ed4,bot,fast,keydown,,,1774698308691
614258b2-840e-4acb-b3d3-b415d6de2ed4,bot,fast,keydown,,,1774698308693
614258b2-840e-4acb-b3d3-b415d6de2ed4,bot,fast,keydown,,,1774698308696
614258b2-840e-4acb-b3d3-b415d6de2ed4,bot,fast,keydown,,,1774698308698
614258b2-840e-4acb-b3d3-b415d6de2ed4,bot,fast,keydown,,,1774698308701
614258b2-840e-4acb-b3d3-b415d6de2ed4,bot,fast,keydown,,,1774698308703
614258b2-840e-4acb-b3d3-b415d6de2ed4,bot,fast,keydown,,,1774698308705
614258b2-840e-4acb-b3d3-b415d6de2ed4,bot,fast,keydown,,,1774698308707
614258b2-840e-4acb-b3d3-b415d6de2ed4,bot,fast,keydown,,,1774698308708
614258b2-840e-4acb-b3d3-b415d6de2ed4,bot,fast,keydown,,,1774698308710
614258b2-840e-4acb-b3d3-b415d6de2ed4,bot,fast,keydown,,,1774698308709
614258b2-840e-4acb-b3d3-b415d6de2ed4,bot,fast,mousemove,264,575,1774698308970
614258b2-840e-4acb-b3d3-b415d6de2ed4,bot,fast,click,264,575,1774698308973
614258b2-840e-4acb-b3d3-b415d6de2ed4,bot,fast,page_screen_change,,,1774698308975
